
* Started at 2026-09-18T07:20:45.634088Z

* Settings
Project dir: /Users/Sebastian.Sellmair/JetBrainsProjects/kotlinx.coroutines
Output dir: /Users/Sebastian.Sellmair/JetBrainsProjects/kotlinx.coroutines/benchmark-out
Profiler: none
Benchmark: true
Versions: []
Gradle User Home: /Users/Sebastian.Sellmair/JetBrainsProjects/kotlinx.coroutines/gradle-user-home
Targets: default scenarios
Warm-ups: 1
Builds: 3

* Inspecting the build using its default Gradle version
Calculating task graph as no cached configuration is available for tasks: :help
> Task :buildSrc:checkKotlinCompilerVersion
> Task :buildSrc:checkKotlinGradlePluginConfigurationErrors SKIPPED
> Task :buildSrc:generateExternalPluginSpecBuilders UP-TO-DATE
> Task :buildSrc:extractPrecompiledScriptPluginPlugins UP-TO-DATE
> Task :buildSrc:compilePluginsBlocks UP-TO-DATE
> Task :buildSrc:generatePrecompiledScriptPluginAccessors UP-TO-DATE
> Task :buildSrc:generateScriptPluginAdapters UP-TO-DATE
> Task :buildSrc:compileKotlin UP-TO-DATE
> Task :buildSrc:compileJava NO-SOURCE
> Task :buildSrc:compileGroovy NO-SOURCE
> Task :buildSrc:pluginDescriptors UP-TO-DATE
> Task :buildSrc:processResources UP-TO-DATE
> Task :buildSrc:classes UP-TO-DATE
> Task :buildSrc:jar UP-TO-DATE

> Task :help

Welcome to Gradle 9.9.0-20260918071003+0000.

To run a build, run gradle <task> ...

To see a list of available tasks, run gradle tasks

To see more detail about a task, run gradle help --task <task>

To see a list of command-line options, run gradle --help

For more detail on using Gradle, see https://docs.gradle.org/9.9.0-20260918071003+0000/userguide/command_line_interface.html

For troubleshooting, visit https://help.gradle.org

[Incubating] Problems report is available at: file:///Users/Sebastian.Sellmair/JetBrainsProjects/kotlinx.coroutines/build/reports/problems/problems-report.html

Deprecated Gradle features were used in this build, making it incompatible with Gradle 10.

You can use '--warning-mode all' to show the individual deprecation warnings and determine if they come from your own scripts or plugins.

For more on this, please refer to https://docs.gradle.org/9.9.0-20260918071003+0000/userguide/command_line_interface.html#sec:command_line_warnings in the Gradle documentation.

BUILD SUCCESSFUL in 4s
11 actionable tasks: 2 executed, 9 up-to-date
Configuration cache entry stored.

* Stopping daemons
Running command /Users/Sebastian.Sellmair/JetBrainsProjects/kotlinx.coroutines/gradle-user-home/wrapper/dists/gradle-9.9.0-bin/a6urkf1odb3il94l2pqayyhkp/gradle-9.9.0-20260918071003+0000/bin/gradle --stop --gradle-user-home /Users/Sebastian.Sellmair/JetBrainsProjects/kotlinx.coroutines/gradle-user-home
Stopping Daemon(s)
1 Daemon stopped

* Scenarios
Scenario: Sync: Warm Gradle User Home, Warm Gradle Daemon, Warm IntelliJ caches using Gradle 9.9.0-20260918071003+0000
  Gradle 9.9.0-20260918071003+0000 (/Users/Sebastian.Sellmair/JetBrainsProjects/kotlinx.coroutines/gradle-user-home/wrapper/dists/gradle-9.9.0-bin/a6urkf1odb3il94l2pqayyhkp/gradle-9.9.0-20260918071003+0000)
  Run using: IDE
  Run: IDE sync
  Cleanup: do nothing
  Gradle args: []
  Build operations trace: false
  Build changes: []
  Warm-ups: 1
  Builds: 3
Scenario: Sync: Warm Gradle User Home, Warm Gradle Daemon, Cold IntelliJ caches using Gradle 9.9.0-20260918071003+0000
  Gradle 9.9.0-20260918071003+0000 (/Users/Sebastian.Sellmair/JetBrainsProjects/kotlinx.coroutines/gradle-user-home/wrapper/dists/gradle-9.9.0-bin/a6urkf1odb3il94l2pqayyhkp/gradle-9.9.0-20260918071003+0000)
  Run using: IDE with clean cache before build with cold daemon
  Run: IDE sync
  Cleanup: do nothing
  Gradle args: []
  Build operations trace: false
  Build changes: [ClearProjectCacheMutator(BUILD)]
  Warm-ups: 1
  Builds: 3
Scenario: Sync: Warm Gradle User Home, Cold Gradle Daemon, Warm IntelliJ caches using Gradle 9.9.0-20260918071003+0000
  Gradle 9.9.0-20260918071003+0000 (/Users/Sebastian.Sellmair/JetBrainsProjects/kotlinx.coroutines/gradle-user-home/wrapper/dists/gradle-9.9.0-bin/a6urkf1odb3il94l2pqayyhkp/gradle-9.9.0-20260918071003+0000)
  Run using: IDE with cold daemon
  Run: IDE sync
  Cleanup: do nothing
  Gradle args: []
  Build operations trace: false
  Build changes: []
  Warm-ups: 1
  Builds: 3
Scenario: Sync: Warm Gradle User Home, Cold Gradle Daemon, Cold IntelliJ caches using Gradle 9.9.0-20260918071003+0000
  Gradle 9.9.0-20260918071003+0000 (/Users/Sebastian.Sellmair/JetBrainsProjects/kotlinx.coroutines/gradle-user-home/wrapper/dists/gradle-9.9.0-bin/a6urkf1odb3il94l2pqayyhkp/gradle-9.9.0-20260918071003+0000)
  Run using: IDE with clean cache before build with cold daemon
  Run: IDE sync
  Cleanup: do nothing
  Gradle args: []
  Build operations trace: false
  Build changes: [ClearProjectCacheMutator(BUILD)]
  Warm-ups: 1
  Builds: 3
Scenario: Sync: Warm Gradle User Home, Warm Gradle Daemon, Warm IntelliJ caches, Root build script change using Gradle 9.9.0-20260918071003+0000
  Gradle 9.9.0-20260918071003+0000 (/Users/Sebastian.Sellmair/JetBrainsProjects/kotlinx.coroutines/gradle-user-home/wrapper/dists/gradle-9.9.0-bin/a6urkf1odb3il94l2pqayyhkp/gradle-9.9.0-20260918071003+0000)
  Run using: IDE
  Run: IDE sync
  Cleanup: do nothing
  Gradle args: []
  Build operations trace: false
  Build changes: [ApplyBuildScriptChangeFileMutator(/Users/Sebastian.Sellmair/JetBrainsProjects/kotlinx.coroutines/build.gradle.kts)]
  Warm-ups: 1
  Builds: 3
Scenario: Sync: Warm Gradle User Home, Warm Gradle Daemon, Warm IntelliJ caches, buildSrc build script change using Gradle 9.9.0-20260918071003+0000
  Gradle 9.9.0-20260918071003+0000 (/Users/Sebastian.Sellmair/JetBrainsProjects/kotlinx.coroutines/gradle-user-home/wrapper/dists/gradle-9.9.0-bin/a6urkf1odb3il94l2pqayyhkp/gradle-9.9.0-20260918071003+0000)
  Run using: IDE
  Run: IDE sync
  Cleanup: do nothing
  Gradle args: []
  Build operations trace: false
  Build changes: [ApplyBuildScriptChangeFileMutator(/Users/Sebastian.Sellmair/JetBrainsProjects/kotlinx.coroutines/buildSrc/build.gradle.kts)]
  Warm-ups: 1
  Builds: 3
Scenario: Sync: Warm Gradle User Home, Warm Gradle Daemon, Warm IntelliJ caches, Core build script change using Gradle 9.9.0-20260918071003+0000
  Gradle 9.9.0-20260918071003+0000 (/Users/Sebastian.Sellmair/JetBrainsProjects/kotlinx.coroutines/gradle-user-home/wrapper/dists/gradle-9.9.0-bin/a6urkf1odb3il94l2pqayyhkp/gradle-9.9.0-20260918071003+0000)
  Run using: IDE
  Run: IDE sync
  Cleanup: do nothing
  Gradle args: []
  Build operations trace: false
  Build changes: [ApplyBuildScriptChangeFileMutator(/Users/Sebastian.Sellmair/JetBrainsProjects/kotlinx.coroutines/kotlinx-coroutines-core/build.gradle.kts)]
  Warm-ups: 1
  Builds: 3
Scenario: Sync: Warm Gradle User Home, Warm Gradle Daemon, Warm IntelliJ caches, Add Gson to core using Gradle 9.9.0-20260918071003+0000
  Gradle 9.9.0-20260918071003+0000 (/Users/Sebastian.Sellmair/JetBrainsProjects/kotlinx.coroutines/gradle-user-home/wrapper/dists/gradle-9.9.0-bin/a6urkf1odb3il94l2pqayyhkp/gradle-9.9.0-20260918071003+0000)
  Run using: IDE
  Run: IDE sync
  Cleanup: run tasks __benchmark_core_dependency_baseline__
  Gradle args: []
  Build operations trace: false
  Build changes: []
  Warm-ups: 1
  Builds: 3
Scenario: Sync: Cold Gradle User Home, Cold Gradle Daemon, Cold IntelliJ caches using Gradle 9.9.0-20260918071003+0000
  Gradle 9.9.0-20260918071003+0000 (/Users/Sebastian.Sellmair/JetBrainsProjects/kotlinx.coroutines/gradle-user-home/wrapper/dists/gradle-9.9.0-bin/a6urkf1odb3il94l2pqayyhkp/gradle-9.9.0-20260918071003+0000)
  Run using: IDE with clean cache before build with cold daemon
  Run: IDE sync
  Cleanup: do nothing
  Gradle args: []
  Build operations trace: false
  Build changes: [ClearGradleUserHomeMutator, ClearProjectCacheMutator(BUILD)]
  Warm-ups: 1
  Builds: 3

* Running scenario Sync: Warm Gradle User Home, Warm Gradle Daemon, Warm IntelliJ caches using Gradle 9.9.0-20260918071003+0000 (scenario 1/9)

* Stopping daemons
Running command /Users/Sebastian.Sellmair/JetBrainsProjects/kotlinx.coroutines/gradle-user-home/wrapper/dists/gradle-9.9.0-bin/a6urkf1odb3il94l2pqayyhkp/gradle-9.9.0-20260918071003+0000/bin/gradle --stop --gradle-user-home /Users/Sebastian.Sellmair/JetBrainsProjects/kotlinx.coroutines/gradle-user-home
No Gradle daemons are running.

* Build details
Gradle version: Gradle 9.9.0-20260918071003+0000
Java home: /Users/Sebastian.Sellmair/.sdkman/candidates/java/21.0.8-jbr
OS: mac os x aarch64 26.6.2
JVM args:
  -Xmx3g
  -Dfile.encoding=UTF-8
  -Duser.country=US
  -Duser.language=en
  -Duser.variant
  -Dorg.gradle.profiler.scenario=idea-sync-warm-warm-warm
Gradle args:
  --gradle-user-home
  /Users/Sebastian.Sellmair/JetBrainsProjects/kotlinx.coroutines/gradle-user-home
  -I
  /private/var/folders/bb/knlwqxjd1c3_f3wxjdtbw4rc0000gp/T/gradleProfiler15253635725941770014.gradle

* Running warm-up build #1


* Starting IntelliJ IDEA at /Users/Sebastian.Sellmair/Applications/IntelliJ IDEA.app
* Start command: /Users/Sebastian.Sellmair/Applications/IntelliJ IDEA.app/Contents/MacOS/idea
* Additional JVM args:
  -javaagent:/private/var/folders/bb/knlwqxjd1c3_f3wxjdtbw4rc0000gp/T/ide-agent4062084713822722532.jar=63246,/private/var/folders/bb/knlwqxjd1c3_f3wxjdtbw4rc0000gp/T/instrumentation-support195758510872459578.jar
  --add-exports=java.base/jdk.internal.misc=ALL-UNNAMED
  -Xbootclasspath/a:/private/var/folders/bb/knlwqxjd1c3_f3wxjdtbw4rc0000gp/T/asm4018637475188180859.jar:/private/var/folders/bb/knlwqxjd1c3_f3wxjdtbw4rc0000gp/T/client-protocol18160954734090245636.jar
  -Xms256m
  -Xmx4096m
  -Didea.gradle.distributionType=BUNDLED
  -Dgradle.profiler.startup.port=63244
  -Dgradle.profiler.port=63245
  -Didea.plugins.path=/Users/Sebastian.Sellmair/JetBrainsProjects/kotlinx.coroutines/idea-sandbox/plugins
  -Didea.config.path=/Users/Sebastian.Sellmair/JetBrainsProjects/kotlinx.coroutines/idea-sandbox/config
  -Didea.log.path=/Users/Sebastian.Sellmair/JetBrainsProjects/kotlinx.coroutines/idea-sandbox/logs
  -Didea.trust.all.projects=true
  -Didea.system.path=/Users/Sebastian.Sellmair/JetBrainsProjects/kotlinx.coroutines/idea-sandbox/system
  -Dexternal.system.auto.import.disabled=true
* Additional JVM args can be found at: /Users/Sebastian.Sellmair/JetBrainsProjects/kotlinx.coroutines/idea-sandbox/scenarioOptions/idea.vmoptions
* IDEA properties:
* IDEA properties can be found at: /Users/Sebastian.Sellmair/JetBrainsProjects/kotlinx.coroutines/idea-sandbox/scenarioOptions/idea.properties
* IntelliJ IDEA logs can be found at: /Users/Sebastian.Sellmair/JetBrainsProjects/kotlinx.coroutines/idea-sandbox/logs/idea.log
* Using command line: /Users/Sebastian.Sellmair/Applications/IntelliJ IDEA.app/Contents/MacOS/idea /Users/Sebastian.Sellmair/JetBrainsProjects/kotlinx.coroutines

Running command /Users/Sebastian.Sellmair/Applications/IntelliJ IDEA.app/Contents/MacOS/idea /Users/Sebastian.Sellmair/JetBrainsProjects/kotlinx.coroutines
PROFILER AGENT RUNNING
* Connected to controller process
* Running sync in IntelliJ IDEA...
* Sent sync request
* Sync has started, waiting for it to complete...
* Injecting support classes from /private/var/folders/bb/knlwqxjd1c3_f3wxjdtbw4rc0000gp/T/instrumentation-support195758510872459578.jar
* Instrumenting GradleConnector
* Creating project connection
* Using Gradle home: /Users/Sebastian.Sellmair/JetBrainsProjects/kotlinx.coroutines/gradle-user-home/wrapper/dists/gradle-9.9.0-bin/a6urkf1odb3il94l2pqayyhkp/gradle-9.9.0-20260918071003+0000
* Instrumenting GradleConnector
* Instrumenting BuildExecuter
* Starting tooling API operation org.gradle.tooling.internal.consumer.DefaultPhasedBuildActionExecuter@3091ad6c
* Gradle invocation 1 has started, waiting for it to complete...
* Using Gradle args: [--gradle-user-home, /Users/Sebastian.Sellmair/JetBrainsProjects/kotlinx.coroutines/gradle-user-home, -I, /private/var/folders/bb/knlwqxjd1c3_f3wxjdtbw4rc0000gp/T/gradleProfiler15253635725941770014.gradle]
* Using JVM args: [-Xmx3g, -Dfile.encoding=UTF-8, -Duser.country=US, -Duser.language=en, -Duser.variant, -Dorg.gradle.profiler.scenario=idea-sync-warm-warm-warm, -Dorg.gradle.profiler.phase=WARM_UP, -Dorg.gradle.profiler.phase.display.name=warm-up, -Dorg.gradle.profiler.number=1, -Dorg.gradle.profiler.step=BUILD]
OPERATION COMPLETE: null
* Gradle invocation 1 has completed in: 8515ms
* Full Gradle execution time: 8515ms
* Full IntelliJ IDEA execution time: 2098ms
* Full sync has completed in: 10613ms and it SUCCEEDED
Used daemon with pid 42199
Execution time 10613 ms

* Using args for instrumented builds:

* Running measured build #1
* Running sync in IntelliJ IDEA...
* Sent sync request
* Sync has started, waiting for it to complete...
* Creating project connection
* Using Gradle home: /Users/Sebastian.Sellmair/JetBrainsProjects/kotlinx.coroutines/gradle-user-home/wrapper/dists/gradle-9.9.0-bin/a6urkf1odb3il94l2pqayyhkp/gradle-9.9.0-20260918071003+0000
* Starting tooling API operation org.gradle.tooling.internal.consumer.DefaultPhasedBuildActionExecuter@9ffd96e
* Gradle invocation 1 has started, waiting for it to complete...
* Using Gradle args: [--gradle-user-home, /Users/Sebastian.Sellmair/JetBrainsProjects/kotlinx.coroutines/gradle-user-home, -I, /private/var/folders/bb/knlwqxjd1c3_f3wxjdtbw4rc0000gp/T/gradleProfiler15253635725941770014.gradle]
* Using JVM args: [-Xmx3g, -Dfile.encoding=UTF-8, -Duser.country=US, -Duser.language=en, -Duser.variant, -Dorg.gradle.profiler.scenario=idea-sync-warm-warm-warm, -Dorg.gradle.profiler.phase=MEASURE, -Dorg.gradle.profiler.phase.display.name=measured, -Dorg.gradle.profiler.number=1, -Dorg.gradle.profiler.step=BUILD]
OPERATION COMPLETE: null
* Gradle invocation 1 has completed in: 1046ms
* Full Gradle execution time: 1046ms
* Full IntelliJ IDEA execution time: 911ms
* Full sync has completed in: 1957ms and it SUCCEEDED
Used daemon with pid 42199
Execution time 1957 ms

* Running measured build #2
* Running sync in IntelliJ IDEA...
* Sent sync request
* Sync has started, waiting for it to complete...
* Creating project connection
* Using Gradle home: /Users/Sebastian.Sellmair/JetBrainsProjects/kotlinx.coroutines/gradle-user-home/wrapper/dists/gradle-9.9.0-bin/a6urkf1odb3il94l2pqayyhkp/gradle-9.9.0-20260918071003+0000
* Starting tooling API operation org.gradle.tooling.internal.consumer.DefaultPhasedBuildActionExecuter@18575a42
* Gradle invocation 1 has started, waiting for it to complete...
* Using Gradle args: [--gradle-user-home, /Users/Sebastian.Sellmair/JetBrainsProjects/kotlinx.coroutines/gradle-user-home, -I, /private/var/folders/bb/knlwqxjd1c3_f3wxjdtbw4rc0000gp/T/gradleProfiler15253635725941770014.gradle]
* Using JVM args: [-Xmx3g, -Dfile.encoding=UTF-8, -Duser.country=US, -Duser.language=en, -Duser.variant, -Dorg.gradle.profiler.scenario=idea-sync-warm-warm-warm, -Dorg.gradle.profiler.phase=MEASURE, -Dorg.gradle.profiler.phase.display.name=measured, -Dorg.gradle.profiler.number=2, -Dorg.gradle.profiler.step=BUILD]
OPERATION COMPLETE: null
* Gradle invocation 1 has completed in: 1077ms
* Full Gradle execution time: 1077ms
* Full IntelliJ IDEA execution time: 896ms
* Full sync has completed in: 1973ms and it SUCCEEDED
Used daemon with pid 42199
Execution time 1973 ms

* Running measured build #3
* Running sync in IntelliJ IDEA...
* Sent sync request
* Sync has started, waiting for it to complete...
* Creating project connection
* Using Gradle home: /Users/Sebastian.Sellmair/JetBrainsProjects/kotlinx.coroutines/gradle-user-home/wrapper/dists/gradle-9.9.0-bin/a6urkf1odb3il94l2pqayyhkp/gradle-9.9.0-20260918071003+0000
* Starting tooling API operation org.gradle.tooling.internal.consumer.DefaultPhasedBuildActionExecuter@2a87648
* Gradle invocation 1 has started, waiting for it to complete...
* Using Gradle args: [--gradle-user-home, /Users/Sebastian.Sellmair/JetBrainsProjects/kotlinx.coroutines/gradle-user-home, -I, /private/var/folders/bb/knlwqxjd1c3_f3wxjdtbw4rc0000gp/T/gradleProfiler15253635725941770014.gradle]
* Using JVM args: [-Xmx3g, -Dfile.encoding=UTF-8, -Duser.country=US, -Duser.language=en, -Duser.variant, -Dorg.gradle.profiler.scenario=idea-sync-warm-warm-warm, -Dorg.gradle.profiler.phase=MEASURE, -Dorg.gradle.profiler.phase.display.name=measured, -Dorg.gradle.profiler.number=3, -Dorg.gradle.profiler.step=BUILD]
OPERATION COMPLETE: null
* Gradle invocation 1 has completed in: 793ms
* Full Gradle execution time: 793ms
* Full IntelliJ IDEA execution time: 854ms
* Full sync has completed in: 1647ms and it SUCCEEDED
Used daemon with pid 42199
Execution time 1647 ms
* Stopping IntelliJ IDEA....
* IntelliJ IDEA stopped.

* Stopping daemons
Running command /Users/Sebastian.Sellmair/JetBrainsProjects/kotlinx.coroutines/gradle-user-home/wrapper/dists/gradle-9.9.0-bin/a6urkf1odb3il94l2pqayyhkp/gradle-9.9.0-20260918071003+0000/bin/gradle --stop --gradle-user-home /Users/Sebastian.Sellmair/JetBrainsProjects/kotlinx.coroutines/gradle-user-home
Stopping Daemon(s)
1 Daemon stopped

* Running scenario Sync: Warm Gradle User Home, Warm Gradle Daemon, Cold IntelliJ caches using Gradle 9.9.0-20260918071003+0000 (scenario 2/9)

* Stopping daemons
Running command /Users/Sebastian.Sellmair/JetBrainsProjects/kotlinx.coroutines/gradle-user-home/wrapper/dists/gradle-9.9.0-bin/a6urkf1odb3il94l2pqayyhkp/gradle-9.9.0-20260918071003+0000/bin/gradle --stop --gradle-user-home /Users/Sebastian.Sellmair/JetBrainsProjects/kotlinx.coroutines/gradle-user-home
No Gradle daemons are running.

* Build details
Gradle version: Gradle 9.9.0-20260918071003+0000
Java home: /Users/Sebastian.Sellmair/.sdkman/candidates/java/21.0.8-jbr
OS: mac os x aarch64 26.6.2
JVM args:
  -Xmx3g
  -Dfile.encoding=UTF-8
  -Duser.country=US
  -Duser.language=en
  -Duser.variant
  -Dorg.gradle.profiler.scenario=idea-sync-warm-warm-cold
Gradle args:
  --gradle-user-home
  /Users/Sebastian.Sellmair/JetBrainsProjects/kotlinx.coroutines/gradle-user-home
  -I
  /private/var/folders/bb/knlwqxjd1c3_f3wxjdtbw4rc0000gp/T/gradleProfiler2376528169943642424.gradle

* Running cleanup for warm-up build #1

* Stopping daemons
Running command /Users/Sebastian.Sellmair/JetBrainsProjects/kotlinx.coroutines/gradle-user-home/wrapper/dists/gradle-9.9.0-bin/a6urkf1odb3il94l2pqayyhkp/gradle-9.9.0-20260918071003+0000/bin/gradle --stop --gradle-user-home /Users/Sebastian.Sellmair/JetBrainsProjects/kotlinx.coroutines/gradle-user-home
No Gradle daemons are running.

* Running warm-up build #1
> Cleaning project .gradle cache: /Users/Sebastian.Sellmair/JetBrainsProjects/kotlinx.coroutines/.gradle
> Cleaning buildSrc .gradle cache: /Users/Sebastian.Sellmair/JetBrainsProjects/kotlinx.coroutines/buildSrc/.gradle


* Starting IntelliJ IDEA at /Users/Sebastian.Sellmair/Applications/IntelliJ IDEA.app
* Start command: /Users/Sebastian.Sellmair/Applications/IntelliJ IDEA.app/Contents/MacOS/idea
* Additional JVM args:
  -javaagent:/private/var/folders/bb/knlwqxjd1c3_f3wxjdtbw4rc0000gp/T/ide-agent17883461794170783658.jar=63352,/private/var/folders/bb/knlwqxjd1c3_f3wxjdtbw4rc0000gp/T/instrumentation-support4175160713916254759.jar
  --add-exports=java.base/jdk.internal.misc=ALL-UNNAMED
  -Xbootclasspath/a:/private/var/folders/bb/knlwqxjd1c3_f3wxjdtbw4rc0000gp/T/asm787001096850542091.jar:/private/var/folders/bb/knlwqxjd1c3_f3wxjdtbw4rc0000gp/T/client-protocol795124157092771245.jar
  -Xms256m
  -Xmx4096m
  -Didea.gradle.distributionType=BUNDLED
  -Dgradle.profiler.startup.port=63350
  -Dgradle.profiler.port=63351
  -Didea.plugins.path=/Users/Sebastian.Sellmair/JetBrainsProjects/kotlinx.coroutines/idea-sandbox/plugins
  -Didea.config.path=/Users/Sebastian.Sellmair/JetBrainsProjects/kotlinx.coroutines/idea-sandbox/config
  -Didea.log.path=/Users/Sebastian.Sellmair/JetBrainsProjects/kotlinx.coroutines/idea-sandbox/logs
  -Didea.trust.all.projects=true
  -Didea.system.path=/Users/Sebastian.Sellmair/JetBrainsProjects/kotlinx.coroutines/idea-sandbox/system
  -Dexternal.system.auto.import.disabled=true
* Additional JVM args can be found at: /Users/Sebastian.Sellmair/JetBrainsProjects/kotlinx.coroutines/idea-sandbox/scenarioOptions/idea.vmoptions
* IDEA properties:
* IDEA properties can be found at: /Users/Sebastian.Sellmair/JetBrainsProjects/kotlinx.coroutines/idea-sandbox/scenarioOptions/idea.properties
* IntelliJ IDEA logs can be found at: /Users/Sebastian.Sellmair/JetBrainsProjects/kotlinx.coroutines/idea-sandbox/logs/idea.log
* Using command line: /Users/Sebastian.Sellmair/Applications/IntelliJ IDEA.app/Contents/MacOS/idea /Users/Sebastian.Sellmair/JetBrainsProjects/kotlinx.coroutines

Running command /Users/Sebastian.Sellmair/Applications/IntelliJ IDEA.app/Contents/MacOS/idea /Users/Sebastian.Sellmair/JetBrainsProjects/kotlinx.coroutines
PROFILER AGENT RUNNING
* Connected to controller process
* Cleaning IntelliJ IDEA cache, this will require a restart...


* Starting IntelliJ IDEA at /Users/Sebastian.Sellmair/Applications/IntelliJ IDEA.app
* Start command: /Users/Sebastian.Sellmair/Applications/IntelliJ IDEA.app/Contents/MacOS/idea
* Additional JVM args:
  -javaagent:/private/var/folders/bb/knlwqxjd1c3_f3wxjdtbw4rc0000gp/T/ide-agent9151427113071898674.jar=63373,/private/var/folders/bb/knlwqxjd1c3_f3wxjdtbw4rc0000gp/T/instrumentation-support13756903564544652395.jar
  --add-exports=java.base/jdk.internal.misc=ALL-UNNAMED
  -Xbootclasspath/a:/private/var/folders/bb/knlwqxjd1c3_f3wxjdtbw4rc0000gp/T/asm5335227278873623019.jar:/private/var/folders/bb/knlwqxjd1c3_f3wxjdtbw4rc0000gp/T/client-protocol9100277016886495356.jar
  -Xms256m
  -Xmx4096m
  -Didea.gradle.distributionType=BUNDLED
  -Dgradle.profiler.startup.port=63371
  -Dgradle.profiler.port=63372
  -Didea.plugins.path=/Users/Sebastian.Sellmair/JetBrainsProjects/kotlinx.coroutines/idea-sandbox/plugins
  -Didea.config.path=/Users/Sebastian.Sellmair/JetBrainsProjects/kotlinx.coroutines/idea-sandbox/config
  -Didea.log.path=/Users/Sebastian.Sellmair/JetBrainsProjects/kotlinx.coroutines/idea-sandbox/logs
  -Didea.trust.all.projects=true
  -Didea.system.path=/Users/Sebastian.Sellmair/JetBrainsProjects/kotlinx.coroutines/idea-sandbox/system
  -Dexternal.system.auto.import.disabled=true
* Additional JVM args can be found at: /Users/Sebastian.Sellmair/JetBrainsProjects/kotlinx.coroutines/idea-sandbox/scenarioOptions/idea.vmoptions
* IDEA properties:
* IDEA properties can be found at: /Users/Sebastian.Sellmair/JetBrainsProjects/kotlinx.coroutines/idea-sandbox/scenarioOptions/idea.properties
* IntelliJ IDEA logs can be found at: /Users/Sebastian.Sellmair/JetBrainsProjects/kotlinx.coroutines/idea-sandbox/logs/idea.log
* Using command line: /Users/Sebastian.Sellmair/Applications/IntelliJ IDEA.app/Contents/MacOS/idea /Users/Sebastian.Sellmair/JetBrainsProjects/kotlinx.coroutines

Running command /Users/Sebastian.Sellmair/Applications/IntelliJ IDEA.app/Contents/MacOS/idea /Users/Sebastian.Sellmair/JetBrainsProjects/kotlinx.coroutines
PROFILER AGENT RUNNING
* Connected to controller process
* Running sync in IntelliJ IDEA...
* Sent sync request
* Sync has started, waiting for it to complete...
* Injecting support classes from /private/var/folders/bb/knlwqxjd1c3_f3wxjdtbw4rc0000gp/T/instrumentation-support13756903564544652395.jar
* Instrumenting GradleConnector
* Creating project connection
* Using Gradle home: /Users/Sebastian.Sellmair/JetBrainsProjects/kotlinx.coroutines/gradle-user-home/wrapper/dists/gradle-9.9.0-bin/a6urkf1odb3il94l2pqayyhkp/gradle-9.9.0-20260918071003+0000
* Instrumenting GradleConnector
* Instrumenting BuildExecuter
* Starting tooling API operation org.gradle.tooling.internal.consumer.DefaultPhasedBuildActionExecuter@3baa6111
* Gradle invocation 1 has started, waiting for it to complete...
* Using Gradle args: [--gradle-user-home, /Users/Sebastian.Sellmair/JetBrainsProjects/kotlinx.coroutines/gradle-user-home, -I, /private/var/folders/bb/knlwqxjd1c3_f3wxjdtbw4rc0000gp/T/gradleProfiler2376528169943642424.gradle]
* Using JVM args: [-Xmx3g, -Dfile.encoding=UTF-8, -Duser.country=US, -Duser.language=en, -Duser.variant, -Dorg.gradle.profiler.scenario=idea-sync-warm-warm-cold, -Dorg.gradle.profiler.phase=WARM_UP, -Dorg.gradle.profiler.phase.display.name=warm-up, -Dorg.gradle.profiler.number=1, -Dorg.gradle.profiler.step=BUILD]
OPERATION COMPLETE: null
* Gradle invocation 1 has completed in: 9338ms
* Full Gradle execution time: 9338ms
* Full IntelliJ IDEA execution time: 32624ms
* Full sync has completed in: 41962ms and it SUCCEEDED
Used daemon with pid 42482
Execution time 41962 ms

* Using args for instrumented builds:

* Running cleanup for measured build #1

* Stopping daemons
Running command /Users/Sebastian.Sellmair/JetBrainsProjects/kotlinx.coroutines/gradle-user-home/wrapper/dists/gradle-9.9.0-bin/a6urkf1odb3il94l2pqayyhkp/gradle-9.9.0-20260918071003+0000/bin/gradle --stop --gradle-user-home /Users/Sebastian.Sellmair/JetBrainsProjects/kotlinx.coroutines/gradle-user-home
Stopping Daemon(s)
1 Daemon stopped

* Running measured build #1
> Cleaning project .gradle cache: /Users/Sebastian.Sellmair/JetBrainsProjects/kotlinx.coroutines/.gradle
> Cleaning buildSrc .gradle cache: /Users/Sebastian.Sellmair/JetBrainsProjects/kotlinx.coroutines/buildSrc/.gradle
* Cleaning IntelliJ IDEA cache, this will require a restart...


* Starting IntelliJ IDEA at /Users/Sebastian.Sellmair/Applications/IntelliJ IDEA.app
* Start command: /Users/Sebastian.Sellmair/Applications/IntelliJ IDEA.app/Contents/MacOS/idea
* Additional JVM args:
  -javaagent:/private/var/folders/bb/knlwqxjd1c3_f3wxjdtbw4rc0000gp/T/ide-agent1435465307817506274.jar=63442,/private/var/folders/bb/knlwqxjd1c3_f3wxjdtbw4rc0000gp/T/instrumentation-support17758903189494703737.jar
  --add-exports=java.base/jdk.internal.misc=ALL-UNNAMED
  -Xbootclasspath/a:/private/var/folders/bb/knlwqxjd1c3_f3wxjdtbw4rc0000gp/T/asm5192933881961588778.jar:/private/var/folders/bb/knlwqxjd1c3_f3wxjdtbw4rc0000gp/T/client-protocol13003448412797909528.jar
  -Xms256m
  -Xmx4096m
  -Didea.gradle.distributionType=BUNDLED
  -Dgradle.profiler.startup.port=63440
  -Dgradle.profiler.port=63441
  -Didea.plugins.path=/Users/Sebastian.Sellmair/JetBrainsProjects/kotlinx.coroutines/idea-sandbox/plugins
  -Didea.config.path=/Users/Sebastian.Sellmair/JetBrainsProjects/kotlinx.coroutines/idea-sandbox/config
  -Didea.log.path=/Users/Sebastian.Sellmair/JetBrainsProjects/kotlinx.coroutines/idea-sandbox/logs
  -Didea.trust.all.projects=true
  -Didea.system.path=/Users/Sebastian.Sellmair/JetBrainsProjects/kotlinx.coroutines/idea-sandbox/system
  -Dexternal.system.auto.import.disabled=true
* Additional JVM args can be found at: /Users/Sebastian.Sellmair/JetBrainsProjects/kotlinx.coroutines/idea-sandbox/scenarioOptions/idea.vmoptions
* IDEA properties:
* IDEA properties can be found at: /Users/Sebastian.Sellmair/JetBrainsProjects/kotlinx.coroutines/idea-sandbox/scenarioOptions/idea.properties
* IntelliJ IDEA logs can be found at: /Users/Sebastian.Sellmair/JetBrainsProjects/kotlinx.coroutines/idea-sandbox/logs/idea.log
* Using command line: /Users/Sebastian.Sellmair/Applications/IntelliJ IDEA.app/Contents/MacOS/idea /Users/Sebastian.Sellmair/JetBrainsProjects/kotlinx.coroutines

Running command /Users/Sebastian.Sellmair/Applications/IntelliJ IDEA.app/Contents/MacOS/idea /Users/Sebastian.Sellmair/JetBrainsProjects/kotlinx.coroutines
PROFILER AGENT RUNNING
* Connected to controller process
* Running sync in IntelliJ IDEA...
* Sent sync request
* Sync has started, waiting for it to complete...
* Injecting support classes from /private/var/folders/bb/knlwqxjd1c3_f3wxjdtbw4rc0000gp/T/instrumentation-support17758903189494703737.jar
* Instrumenting GradleConnector
* Creating project connection
* Using Gradle home: /Users/Sebastian.Sellmair/JetBrainsProjects/kotlinx.coroutines/gradle-user-home/wrapper/dists/gradle-9.9.0-bin/a6urkf1odb3il94l2pqayyhkp/gradle-9.9.0-20260918071003+0000
* Instrumenting GradleConnector
* Instrumenting BuildExecuter
* Starting tooling API operation org.gradle.tooling.internal.consumer.DefaultPhasedBuildActionExecuter@e94ec8d
* Gradle invocation 1 has started, waiting for it to complete...
* Using Gradle args: [--gradle-user-home, /Users/Sebastian.Sellmair/JetBrainsProjects/kotlinx.coroutines/gradle-user-home, -I, /private/var/folders/bb/knlwqxjd1c3_f3wxjdtbw4rc0000gp/T/gradleProfiler2376528169943642424.gradle]
* Using JVM args: [-Xmx3g, -Dfile.encoding=UTF-8, -Duser.country=US, -Duser.language=en, -Duser.variant, -Dorg.gradle.profiler.scenario=idea-sync-warm-warm-cold, -Dorg.gradle.profiler.phase=MEASURE, -Dorg.gradle.profiler.phase.display.name=measured, -Dorg.gradle.profiler.number=1, -Dorg.gradle.profiler.step=BUILD]
OPERATION COMPLETE: null
* Gradle invocation 1 has completed in: 9790ms
* Full Gradle execution time: 9790ms
* Full IntelliJ IDEA execution time: 32478ms
* Full sync has completed in: 42268ms and it SUCCEEDED
Used daemon with pid 42665
Execution time 42268 ms

* Running cleanup for measured build #2

* Stopping daemons
Running command /Users/Sebastian.Sellmair/JetBrainsProjects/kotlinx.coroutines/gradle-user-home/wrapper/dists/gradle-9.9.0-bin/a6urkf1odb3il94l2pqayyhkp/gradle-9.9.0-20260918071003+0000/bin/gradle --stop --gradle-user-home /Users/Sebastian.Sellmair/JetBrainsProjects/kotlinx.coroutines/gradle-user-home
Stopping Daemon(s)
1 Daemon stopped

* Running measured build #2
> Cleaning project .gradle cache: /Users/Sebastian.Sellmair/JetBrainsProjects/kotlinx.coroutines/.gradle
> Cleaning buildSrc .gradle cache: /Users/Sebastian.Sellmair/JetBrainsProjects/kotlinx.coroutines/buildSrc/.gradle
* Cleaning IntelliJ IDEA cache, this will require a restart...


* Starting IntelliJ IDEA at /Users/Sebastian.Sellmair/Applications/IntelliJ IDEA.app
* Start command: /Users/Sebastian.Sellmair/Applications/IntelliJ IDEA.app/Contents/MacOS/idea
* Additional JVM args:
  -javaagent:/private/var/folders/bb/knlwqxjd1c3_f3wxjdtbw4rc0000gp/T/ide-agent3156153566061978585.jar=63509,/private/var/folders/bb/knlwqxjd1c3_f3wxjdtbw4rc0000gp/T/instrumentation-support9968534418053550677.jar
  --add-exports=java.base/jdk.internal.misc=ALL-UNNAMED
  -Xbootclasspath/a:/private/var/folders/bb/knlwqxjd1c3_f3wxjdtbw4rc0000gp/T/asm16822340119994454361.jar:/private/var/folders/bb/knlwqxjd1c3_f3wxjdtbw4rc0000gp/T/client-protocol9099084870227503315.jar
  -Xms256m
  -Xmx4096m
  -Didea.gradle.distributionType=BUNDLED
  -Dgradle.profiler.startup.port=63507
  -Dgradle.profiler.port=63508
  -Didea.plugins.path=/Users/Sebastian.Sellmair/JetBrainsProjects/kotlinx.coroutines/idea-sandbox/plugins
  -Didea.config.path=/Users/Sebastian.Sellmair/JetBrainsProjects/kotlinx.coroutines/idea-sandbox/config
  -Didea.log.path=/Users/Sebastian.Sellmair/JetBrainsProjects/kotlinx.coroutines/idea-sandbox/logs
  -Didea.trust.all.projects=true
  -Didea.system.path=/Users/Sebastian.Sellmair/JetBrainsProjects/kotlinx.coroutines/idea-sandbox/system
  -Dexternal.system.auto.import.disabled=true
* Additional JVM args can be found at: /Users/Sebastian.Sellmair/JetBrainsProjects/kotlinx.coroutines/idea-sandbox/scenarioOptions/idea.vmoptions
* IDEA properties:
* IDEA properties can be found at: /Users/Sebastian.Sellmair/JetBrainsProjects/kotlinx.coroutines/idea-sandbox/scenarioOptions/idea.properties
* IntelliJ IDEA logs can be found at: /Users/Sebastian.Sellmair/JetBrainsProjects/kotlinx.coroutines/idea-sandbox/logs/idea.log
* Using command line: /Users/Sebastian.Sellmair/Applications/IntelliJ IDEA.app/Contents/MacOS/idea /Users/Sebastian.Sellmair/JetBrainsProjects/kotlinx.coroutines

Running command /Users/Sebastian.Sellmair/Applications/IntelliJ IDEA.app/Contents/MacOS/idea /Users/Sebastian.Sellmair/JetBrainsProjects/kotlinx.coroutines
PROFILER AGENT RUNNING
* Connected to controller process
* Running sync in IntelliJ IDEA...
* Sent sync request
* Sync has started, waiting for it to complete...
* Injecting support classes from /private/var/folders/bb/knlwqxjd1c3_f3wxjdtbw4rc0000gp/T/instrumentation-support9968534418053550677.jar
* Instrumenting GradleConnector
* Creating project connection
* Using Gradle home: /Users/Sebastian.Sellmair/JetBrainsProjects/kotlinx.coroutines/gradle-user-home/wrapper/dists/gradle-9.9.0-bin/a6urkf1odb3il94l2pqayyhkp/gradle-9.9.0-20260918071003+0000
* Instrumenting GradleConnector
* Instrumenting BuildExecuter
* Starting tooling API operation org.gradle.tooling.internal.consumer.DefaultPhasedBuildActionExecuter@18806fc1
* Gradle invocation 1 has started, waiting for it to complete...
* Using Gradle args: [--gradle-user-home, /Users/Sebastian.Sellmair/JetBrainsProjects/kotlinx.coroutines/gradle-user-home, -I, /private/var/folders/bb/knlwqxjd1c3_f3wxjdtbw4rc0000gp/T/gradleProfiler2376528169943642424.gradle]
* Using JVM args: [-Xmx3g, -Dfile.encoding=UTF-8, -Duser.country=US, -Duser.language=en, -Duser.variant, -Dorg.gradle.profiler.scenario=idea-sync-warm-warm-cold, -Dorg.gradle.profiler.phase=MEASURE, -Dorg.gradle.profiler.phase.display.name=measured, -Dorg.gradle.profiler.number=2, -Dorg.gradle.profiler.step=BUILD]
OPERATION COMPLETE: null
* Gradle invocation 1 has completed in: 10018ms
* Full Gradle execution time: 10018ms
* Full IntelliJ IDEA execution time: 33236ms
* Full sync has completed in: 43254ms and it SUCCEEDED
Used daemon with pid 42895
Execution time 43254 ms

* Running cleanup for measured build #3

* Stopping daemons
Running command /Users/Sebastian.Sellmair/JetBrainsProjects/kotlinx.coroutines/gradle-user-home/wrapper/dists/gradle-9.9.0-bin/a6urkf1odb3il94l2pqayyhkp/gradle-9.9.0-20260918071003+0000/bin/gradle --stop --gradle-user-home /Users/Sebastian.Sellmair/JetBrainsProjects/kotlinx.coroutines/gradle-user-home
Stopping Daemon(s)
1 Daemon stopped

* Running measured build #3
> Cleaning project .gradle cache: /Users/Sebastian.Sellmair/JetBrainsProjects/kotlinx.coroutines/.gradle
> Cleaning buildSrc .gradle cache: /Users/Sebastian.Sellmair/JetBrainsProjects/kotlinx.coroutines/buildSrc/.gradle
* Cleaning IntelliJ IDEA cache, this will require a restart...


* Starting IntelliJ IDEA at /Users/Sebastian.Sellmair/Applications/IntelliJ IDEA.app
* Start command: /Users/Sebastian.Sellmair/Applications/IntelliJ IDEA.app/Contents/MacOS/idea
* Additional JVM args:
  -javaagent:/private/var/folders/bb/knlwqxjd1c3_f3wxjdtbw4rc0000gp/T/ide-agent1607768215784201223.jar=63583,/private/var/folders/bb/knlwqxjd1c3_f3wxjdtbw4rc0000gp/T/instrumentation-support9726559108336374795.jar
  --add-exports=java.base/jdk.internal.misc=ALL-UNNAMED
  -Xbootclasspath/a:/private/var/folders/bb/knlwqxjd1c3_f3wxjdtbw4rc0000gp/T/asm3476832894556539472.jar:/private/var/folders/bb/knlwqxjd1c3_f3wxjdtbw4rc0000gp/T/client-protocol4060389214269553444.jar
  -Xms256m
  -Xmx4096m
  -Didea.gradle.distributionType=BUNDLED
  -Dgradle.profiler.startup.port=63581
  -Dgradle.profiler.port=63582
  -Didea.plugins.path=/Users/Sebastian.Sellmair/JetBrainsProjects/kotlinx.coroutines/idea-sandbox/plugins
  -Didea.config.path=/Users/Sebastian.Sellmair/JetBrainsProjects/kotlinx.coroutines/idea-sandbox/config
  -Didea.log.path=/Users/Sebastian.Sellmair/JetBrainsProjects/kotlinx.coroutines/idea-sandbox/logs
  -Didea.trust.all.projects=true
  -Didea.system.path=/Users/Sebastian.Sellmair/JetBrainsProjects/kotlinx.coroutines/idea-sandbox/system
  -Dexternal.system.auto.import.disabled=true
* Additional JVM args can be found at: /Users/Sebastian.Sellmair/JetBrainsProjects/kotlinx.coroutines/idea-sandbox/scenarioOptions/idea.vmoptions
* IDEA properties:
* IDEA properties can be found at: /Users/Sebastian.Sellmair/JetBrainsProjects/kotlinx.coroutines/idea-sandbox/scenarioOptions/idea.properties
* IntelliJ IDEA logs can be found at: /Users/Sebastian.Sellmair/JetBrainsProjects/kotlinx.coroutines/idea-sandbox/logs/idea.log
* Using command line: /Users/Sebastian.Sellmair/Applications/IntelliJ IDEA.app/Contents/MacOS/idea /Users/Sebastian.Sellmair/JetBrainsProjects/kotlinx.coroutines

Running command /Users/Sebastian.Sellmair/Applications/IntelliJ IDEA.app/Contents/MacOS/idea /Users/Sebastian.Sellmair/JetBrainsProjects/kotlinx.coroutines
PROFILER AGENT RUNNING
* Connected to controller process
* Running sync in IntelliJ IDEA...
* Sent sync request
* Sync has started, waiting for it to complete...
* Injecting support classes from /private/var/folders/bb/knlwqxjd1c3_f3wxjdtbw4rc0000gp/T/instrumentation-support9726559108336374795.jar
* Instrumenting GradleConnector
* Creating project connection
* Using Gradle home: /Users/Sebastian.Sellmair/JetBrainsProjects/kotlinx.coroutines/gradle-user-home/wrapper/dists/gradle-9.9.0-bin/a6urkf1odb3il94l2pqayyhkp/gradle-9.9.0-20260918071003+0000
* Instrumenting GradleConnector
* Instrumenting BuildExecuter
* Starting tooling API operation org.gradle.tooling.internal.consumer.DefaultPhasedBuildActionExecuter@1e3197a9
* Gradle invocation 1 has started, waiting for it to complete...
* Using Gradle args: [--gradle-user-home, /Users/Sebastian.Sellmair/JetBrainsProjects/kotlinx.coroutines/gradle-user-home, -I, /private/var/folders/bb/knlwqxjd1c3_f3wxjdtbw4rc0000gp/T/gradleProfiler2376528169943642424.gradle]
* Using JVM args: [-Xmx3g, -Dfile.encoding=UTF-8, -Duser.country=US, -Duser.language=en, -Duser.variant, -Dorg.gradle.profiler.scenario=idea-sync-warm-warm-cold, -Dorg.gradle.profiler.phase=MEASURE, -Dorg.gradle.profiler.phase.display.name=measured, -Dorg.gradle.profiler.number=3, -Dorg.gradle.profiler.step=BUILD]
OPERATION COMPLETE: null
* Gradle invocation 1 has completed in: 8881ms
* Full Gradle execution time: 8881ms
* Full IntelliJ IDEA execution time: 32465ms
* Full sync has completed in: 41346ms and it SUCCEEDED
Used daemon with pid 43139
Execution time 41346 ms
* Stopping IntelliJ IDEA....
* IntelliJ IDEA stopped.

* Stopping daemons
Running command /Users/Sebastian.Sellmair/JetBrainsProjects/kotlinx.coroutines/gradle-user-home/wrapper/dists/gradle-9.9.0-bin/a6urkf1odb3il94l2pqayyhkp/gradle-9.9.0-20260918071003+0000/bin/gradle --stop --gradle-user-home /Users/Sebastian.Sellmair/JetBrainsProjects/kotlinx.coroutines/gradle-user-home
No Gradle daemons are running.

* Running scenario Sync: Warm Gradle User Home, Cold Gradle Daemon, Warm IntelliJ caches using Gradle 9.9.0-20260918071003+0000 (scenario 3/9)

* Stopping daemons
Running command /Users/Sebastian.Sellmair/JetBrainsProjects/kotlinx.coroutines/gradle-user-home/wrapper/dists/gradle-9.9.0-bin/a6urkf1odb3il94l2pqayyhkp/gradle-9.9.0-20260918071003+0000/bin/gradle --stop --gradle-user-home /Users/Sebastian.Sellmair/JetBrainsProjects/kotlinx.coroutines/gradle-user-home
No Gradle daemons are running.

* Build details
Gradle version: Gradle 9.9.0-20260918071003+0000
Java home: /Users/Sebastian.Sellmair/.sdkman/candidates/java/21.0.8-jbr
OS: mac os x aarch64 26.6.2
JVM args:
  -Xmx3g
  -Dfile.encoding=UTF-8
  -Duser.country=US
  -Duser.language=en
  -Duser.variant
  -Dorg.gradle.profiler.scenario=idea-sync-warm-cold-warm
Gradle args:
  --gradle-user-home
  /Users/Sebastian.Sellmair/JetBrainsProjects/kotlinx.coroutines/gradle-user-home
  -I
  /private/var/folders/bb/knlwqxjd1c3_f3wxjdtbw4rc0000gp/T/gradleProfiler13124284249071890324.gradle

* Running cleanup for warm-up build #1

* Stopping daemons
Running command /Users/Sebastian.Sellmair/JetBrainsProjects/kotlinx.coroutines/gradle-user-home/wrapper/dists/gradle-9.9.0-bin/a6urkf1odb3il94l2pqayyhkp/gradle-9.9.0-20260918071003+0000/bin/gradle --stop --gradle-user-home /Users/Sebastian.Sellmair/JetBrainsProjects/kotlinx.coroutines/gradle-user-home
No Gradle daemons are running.

* Running warm-up build #1


* Starting IntelliJ IDEA at /Users/Sebastian.Sellmair/Applications/IntelliJ IDEA.app
* Start command: /Users/Sebastian.Sellmair/Applications/IntelliJ IDEA.app/Contents/MacOS/idea
* Additional JVM args:
  -javaagent:/private/var/folders/bb/knlwqxjd1c3_f3wxjdtbw4rc0000gp/T/ide-agent11456095449966610835.jar=63645,/private/var/folders/bb/knlwqxjd1c3_f3wxjdtbw4rc0000gp/T/instrumentation-support16009730256932683546.jar
  --add-exports=java.base/jdk.internal.misc=ALL-UNNAMED
  -Xbootclasspath/a:/private/var/folders/bb/knlwqxjd1c3_f3wxjdtbw4rc0000gp/T/asm12124941243275010192.jar:/private/var/folders/bb/knlwqxjd1c3_f3wxjdtbw4rc0000gp/T/client-protocol5842465226265241772.jar
  -Xms256m
  -Xmx4096m
  -Didea.gradle.distributionType=BUNDLED
  -Dgradle.profiler.startup.port=63643
  -Dgradle.profiler.port=63644
  -Didea.plugins.path=/Users/Sebastian.Sellmair/JetBrainsProjects/kotlinx.coroutines/idea-sandbox/plugins
  -Didea.config.path=/Users/Sebastian.Sellmair/JetBrainsProjects/kotlinx.coroutines/idea-sandbox/config
  -Didea.log.path=/Users/Sebastian.Sellmair/JetBrainsProjects/kotlinx.coroutines/idea-sandbox/logs
  -Didea.trust.all.projects=true
  -Didea.system.path=/Users/Sebastian.Sellmair/JetBrainsProjects/kotlinx.coroutines/idea-sandbox/system
  -Dexternal.system.auto.import.disabled=true
* Additional JVM args can be found at: /Users/Sebastian.Sellmair/JetBrainsProjects/kotlinx.coroutines/idea-sandbox/scenarioOptions/idea.vmoptions
* IDEA properties:
* IDEA properties can be found at: /Users/Sebastian.Sellmair/JetBrainsProjects/kotlinx.coroutines/idea-sandbox/scenarioOptions/idea.properties
* IntelliJ IDEA logs can be found at: /Users/Sebastian.Sellmair/JetBrainsProjects/kotlinx.coroutines/idea-sandbox/logs/idea.log
* Using command line: /Users/Sebastian.Sellmair/Applications/IntelliJ IDEA.app/Contents/MacOS/idea /Users/Sebastian.Sellmair/JetBrainsProjects/kotlinx.coroutines

Running command /Users/Sebastian.Sellmair/Applications/IntelliJ IDEA.app/Contents/MacOS/idea /Users/Sebastian.Sellmair/JetBrainsProjects/kotlinx.coroutines
PROFILER AGENT RUNNING
* Connected to controller process
* Running sync in IntelliJ IDEA...
* Sent sync request
* Sync has started, waiting for it to complete...
* Injecting support classes from /private/var/folders/bb/knlwqxjd1c3_f3wxjdtbw4rc0000gp/T/instrumentation-support16009730256932683546.jar
* Instrumenting GradleConnector
* Creating project connection
* Using Gradle home: /Users/Sebastian.Sellmair/JetBrainsProjects/kotlinx.coroutines/gradle-user-home/wrapper/dists/gradle-9.9.0-bin/a6urkf1odb3il94l2pqayyhkp/gradle-9.9.0-20260918071003+0000
* Instrumenting GradleConnector
* Instrumenting BuildExecuter
* Starting tooling API operation org.gradle.tooling.internal.consumer.DefaultPhasedBuildActionExecuter@512dc406
* Gradle invocation 1 has started, waiting for it to complete...
* Using Gradle args: [--gradle-user-home, /Users/Sebastian.Sellmair/JetBrainsProjects/kotlinx.coroutines/gradle-user-home, -I, /private/var/folders/bb/knlwqxjd1c3_f3wxjdtbw4rc0000gp/T/gradleProfiler13124284249071890324.gradle]
* Using JVM args: [-Xmx3g, -Dfile.encoding=UTF-8, -Duser.country=US, -Duser.language=en, -Duser.variant, -Dorg.gradle.profiler.scenario=idea-sync-warm-cold-warm, -Dorg.gradle.profiler.phase=WARM_UP, -Dorg.gradle.profiler.phase.display.name=warm-up, -Dorg.gradle.profiler.number=1, -Dorg.gradle.profiler.step=BUILD]
OPERATION COMPLETE: null
* Gradle invocation 1 has completed in: 7751ms
* Full Gradle execution time: 7751ms
* Full IntelliJ IDEA execution time: 2149ms
* Full sync has completed in: 9900ms and it SUCCEEDED
Used daemon with pid 43271
Execution time 9900 ms

* Using args for instrumented builds:

* Running cleanup for measured build #1

* Stopping daemons
Running command /Users/Sebastian.Sellmair/JetBrainsProjects/kotlinx.coroutines/gradle-user-home/wrapper/dists/gradle-9.9.0-bin/a6urkf1odb3il94l2pqayyhkp/gradle-9.9.0-20260918071003+0000/bin/gradle --stop --gradle-user-home /Users/Sebastian.Sellmair/JetBrainsProjects/kotlinx.coroutines/gradle-user-home
Stopping Daemon(s)
1 Daemon stopped

* Running measured build #1
* Running sync in IntelliJ IDEA...
* Sent sync request
* Sync has started, waiting for it to complete...
* Creating project connection
* Using Gradle home: /Users/Sebastian.Sellmair/JetBrainsProjects/kotlinx.coroutines/gradle-user-home/wrapper/dists/gradle-9.9.0-bin/a6urkf1odb3il94l2pqayyhkp/gradle-9.9.0-20260918071003+0000
* Starting tooling API operation org.gradle.tooling.internal.consumer.DefaultPhasedBuildActionExecuter@5bfdeaab
* Gradle invocation 1 has started, waiting for it to complete...
* Using Gradle args: [--gradle-user-home, /Users/Sebastian.Sellmair/JetBrainsProjects/kotlinx.coroutines/gradle-user-home, -I, /private/var/folders/bb/knlwqxjd1c3_f3wxjdtbw4rc0000gp/T/gradleProfiler13124284249071890324.gradle]
* Using JVM args: [-Xmx3g, -Dfile.encoding=UTF-8, -Duser.country=US, -Duser.language=en, -Duser.variant, -Dorg.gradle.profiler.scenario=idea-sync-warm-cold-warm, -Dorg.gradle.profiler.phase=MEASURE, -Dorg.gradle.profiler.phase.display.name=measured, -Dorg.gradle.profiler.number=1, -Dorg.gradle.profiler.step=BUILD]
OPERATION COMPLETE: null
* Gradle invocation 1 has completed in: 6146ms
* Full Gradle execution time: 6146ms
* Full IntelliJ IDEA execution time: 326ms
* Full sync has completed in: 6472ms and it SUCCEEDED
Used daemon with pid 43324
Execution time 6472 ms

* Running cleanup for measured build #2

* Stopping daemons
Running command /Users/Sebastian.Sellmair/JetBrainsProjects/kotlinx.coroutines/gradle-user-home/wrapper/dists/gradle-9.9.0-bin/a6urkf1odb3il94l2pqayyhkp/gradle-9.9.0-20260918071003+0000/bin/gradle --stop --gradle-user-home /Users/Sebastian.Sellmair/JetBrainsProjects/kotlinx.coroutines/gradle-user-home
Stopping Daemon(s)
1 Daemon stopped

* Running measured build #2
* Running sync in IntelliJ IDEA...
* Sent sync request
* Sync has started, waiting for it to complete...
* Creating project connection
* Using Gradle home: /Users/Sebastian.Sellmair/JetBrainsProjects/kotlinx.coroutines/gradle-user-home/wrapper/dists/gradle-9.9.0-bin/a6urkf1odb3il94l2pqayyhkp/gradle-9.9.0-20260918071003+0000
* Starting tooling API operation org.gradle.tooling.internal.consumer.DefaultPhasedBuildActionExecuter@3a616389
* Gradle invocation 1 has started, waiting for it to complete...
* Using Gradle args: [--gradle-user-home, /Users/Sebastian.Sellmair/JetBrainsProjects/kotlinx.coroutines/gradle-user-home, -I, /private/var/folders/bb/knlwqxjd1c3_f3wxjdtbw4rc0000gp/T/gradleProfiler13124284249071890324.gradle]
* Using JVM args: [-Xmx3g, -Dfile.encoding=UTF-8, -Duser.country=US, -Duser.language=en, -Duser.variant, -Dorg.gradle.profiler.scenario=idea-sync-warm-cold-warm, -Dorg.gradle.profiler.phase=MEASURE, -Dorg.gradle.profiler.phase.display.name=measured, -Dorg.gradle.profiler.number=2, -Dorg.gradle.profiler.step=BUILD]
OPERATION COMPLETE: null
* Gradle invocation 1 has completed in: 6166ms
* Full Gradle execution time: 6166ms
* Full IntelliJ IDEA execution time: 288ms
* Full sync has completed in: 6454ms and it SUCCEEDED
Used daemon with pid 43361
Execution time 6454 ms

* Running cleanup for measured build #3

* Stopping daemons
Running command /Users/Sebastian.Sellmair/JetBrainsProjects/kotlinx.coroutines/gradle-user-home/wrapper/dists/gradle-9.9.0-bin/a6urkf1odb3il94l2pqayyhkp/gradle-9.9.0-20260918071003+0000/bin/gradle --stop --gradle-user-home /Users/Sebastian.Sellmair/JetBrainsProjects/kotlinx.coroutines/gradle-user-home
Stopping Daemon(s)
1 Daemon stopped

* Running measured build #3
* Running sync in IntelliJ IDEA...
* Sent sync request
* Sync has started, waiting for it to complete...
* Creating project connection
* Using Gradle home: /Users/Sebastian.Sellmair/JetBrainsProjects/kotlinx.coroutines/gradle-user-home/wrapper/dists/gradle-9.9.0-bin/a6urkf1odb3il94l2pqayyhkp/gradle-9.9.0-20260918071003+0000
* Starting tooling API operation org.gradle.tooling.internal.consumer.DefaultPhasedBuildActionExecuter@539d9a7e
* Gradle invocation 1 has started, waiting for it to complete...
* Using Gradle args: [--gradle-user-home, /Users/Sebastian.Sellmair/JetBrainsProjects/kotlinx.coroutines/gradle-user-home, -I, /private/var/folders/bb/knlwqxjd1c3_f3wxjdtbw4rc0000gp/T/gradleProfiler13124284249071890324.gradle]
* Using JVM args: [-Xmx3g, -Dfile.encoding=UTF-8, -Duser.country=US, -Duser.language=en, -Duser.variant, -Dorg.gradle.profiler.scenario=idea-sync-warm-cold-warm, -Dorg.gradle.profiler.phase=MEASURE, -Dorg.gradle.profiler.phase.display.name=measured, -Dorg.gradle.profiler.number=3, -Dorg.gradle.profiler.step=BUILD]
OPERATION COMPLETE: null
* Gradle invocation 1 has completed in: 6157ms
* Full Gradle execution time: 6157ms
* Full IntelliJ IDEA execution time: 550ms
* Full sync has completed in: 6707ms and it SUCCEEDED
Used daemon with pid 43396
Execution time 6707 ms
* Stopping IntelliJ IDEA....
* IntelliJ IDEA stopped.

* Stopping daemons
Running command /Users/Sebastian.Sellmair/JetBrainsProjects/kotlinx.coroutines/gradle-user-home/wrapper/dists/gradle-9.9.0-bin/a6urkf1odb3il94l2pqayyhkp/gradle-9.9.0-20260918071003+0000/bin/gradle --stop --gradle-user-home /Users/Sebastian.Sellmair/JetBrainsProjects/kotlinx.coroutines/gradle-user-home
Stopping Daemon(s)
1 Daemon stopped

* Running scenario Sync: Warm Gradle User Home, Cold Gradle Daemon, Cold IntelliJ caches using Gradle 9.9.0-20260918071003+0000 (scenario 4/9)

* Stopping daemons
Running command /Users/Sebastian.Sellmair/JetBrainsProjects/kotlinx.coroutines/gradle-user-home/wrapper/dists/gradle-9.9.0-bin/a6urkf1odb3il94l2pqayyhkp/gradle-9.9.0-20260918071003+0000/bin/gradle --stop --gradle-user-home /Users/Sebastian.Sellmair/JetBrainsProjects/kotlinx.coroutines/gradle-user-home
No Gradle daemons are running.

* Build details
Gradle version: Gradle 9.9.0-20260918071003+0000
Java home: /Users/Sebastian.Sellmair/.sdkman/candidates/java/21.0.8-jbr
OS: mac os x aarch64 26.6.2
JVM args:
  -Xmx3g
  -Dfile.encoding=UTF-8
  -Duser.country=US
  -Duser.language=en
  -Duser.variant
  -Dorg.gradle.profiler.scenario=idea-sync-warm-cold-cold
Gradle args:
  --gradle-user-home
  /Users/Sebastian.Sellmair/JetBrainsProjects/kotlinx.coroutines/gradle-user-home
  -I
  /private/var/folders/bb/knlwqxjd1c3_f3wxjdtbw4rc0000gp/T/gradleProfiler7314317858836012770.gradle

* Running cleanup for warm-up build #1

* Stopping daemons
Running command /Users/Sebastian.Sellmair/JetBrainsProjects/kotlinx.coroutines/gradle-user-home/wrapper/dists/gradle-9.9.0-bin/a6urkf1odb3il94l2pqayyhkp/gradle-9.9.0-20260918071003+0000/bin/gradle --stop --gradle-user-home /Users/Sebastian.Sellmair/JetBrainsProjects/kotlinx.coroutines/gradle-user-home
No Gradle daemons are running.

* Running warm-up build #1
> Cleaning project .gradle cache: /Users/Sebastian.Sellmair/JetBrainsProjects/kotlinx.coroutines/.gradle
> Cleaning buildSrc .gradle cache: /Users/Sebastian.Sellmair/JetBrainsProjects/kotlinx.coroutines/buildSrc/.gradle


* Starting IntelliJ IDEA at /Users/Sebastian.Sellmair/Applications/IntelliJ IDEA.app
* Start command: /Users/Sebastian.Sellmair/Applications/IntelliJ IDEA.app/Contents/MacOS/idea
* Additional JVM args:
  -javaagent:/private/var/folders/bb/knlwqxjd1c3_f3wxjdtbw4rc0000gp/T/ide-agent4641964455431092762.jar=63754,/private/var/folders/bb/knlwqxjd1c3_f3wxjdtbw4rc0000gp/T/instrumentation-support12283652472789788975.jar
  --add-exports=java.base/jdk.internal.misc=ALL-UNNAMED
  -Xbootclasspath/a:/private/var/folders/bb/knlwqxjd1c3_f3wxjdtbw4rc0000gp/T/asm9847678130014380040.jar:/private/var/folders/bb/knlwqxjd1c3_f3wxjdtbw4rc0000gp/T/client-protocol16248588334562402706.jar
  -Xms256m
  -Xmx4096m
  -Didea.gradle.distributionType=BUNDLED
  -Dgradle.profiler.startup.port=63752
  -Dgradle.profiler.port=63753
  -Didea.plugins.path=/Users/Sebastian.Sellmair/JetBrainsProjects/kotlinx.coroutines/idea-sandbox/plugins
  -Didea.config.path=/Users/Sebastian.Sellmair/JetBrainsProjects/kotlinx.coroutines/idea-sandbox/config
  -Didea.log.path=/Users/Sebastian.Sellmair/JetBrainsProjects/kotlinx.coroutines/idea-sandbox/logs
  -Didea.trust.all.projects=true
  -Didea.system.path=/Users/Sebastian.Sellmair/JetBrainsProjects/kotlinx.coroutines/idea-sandbox/system
  -Dexternal.system.auto.import.disabled=true
* Additional JVM args can be found at: /Users/Sebastian.Sellmair/JetBrainsProjects/kotlinx.coroutines/idea-sandbox/scenarioOptions/idea.vmoptions
* IDEA properties:
* IDEA properties can be found at: /Users/Sebastian.Sellmair/JetBrainsProjects/kotlinx.coroutines/idea-sandbox/scenarioOptions/idea.properties
* IntelliJ IDEA logs can be found at: /Users/Sebastian.Sellmair/JetBrainsProjects/kotlinx.coroutines/idea-sandbox/logs/idea.log
* Using command line: /Users/Sebastian.Sellmair/Applications/IntelliJ IDEA.app/Contents/MacOS/idea /Users/Sebastian.Sellmair/JetBrainsProjects/kotlinx.coroutines

Running command /Users/Sebastian.Sellmair/Applications/IntelliJ IDEA.app/Contents/MacOS/idea /Users/Sebastian.Sellmair/JetBrainsProjects/kotlinx.coroutines
PROFILER AGENT RUNNING
* Connected to controller process
* Cleaning IntelliJ IDEA cache, this will require a restart...


* Starting IntelliJ IDEA at /Users/Sebastian.Sellmair/Applications/IntelliJ IDEA.app
* Start command: /Users/Sebastian.Sellmair/Applications/IntelliJ IDEA.app/Contents/MacOS/idea
* Additional JVM args:
  -javaagent:/private/var/folders/bb/knlwqxjd1c3_f3wxjdtbw4rc0000gp/T/ide-agent1157837146371977530.jar=63775,/private/var/folders/bb/knlwqxjd1c3_f3wxjdtbw4rc0000gp/T/instrumentation-support18153398279570792126.jar
  --add-exports=java.base/jdk.internal.misc=ALL-UNNAMED
  -Xbootclasspath/a:/private/var/folders/bb/knlwqxjd1c3_f3wxjdtbw4rc0000gp/T/asm15477494000027247077.jar:/private/var/folders/bb/knlwqxjd1c3_f3wxjdtbw4rc0000gp/T/client-protocol13580106603555234257.jar
  -Xms256m
  -Xmx4096m
  -Didea.gradle.distributionType=BUNDLED
  -Dgradle.profiler.startup.port=63773
  -Dgradle.profiler.port=63774
  -Didea.plugins.path=/Users/Sebastian.Sellmair/JetBrainsProjects/kotlinx.coroutines/idea-sandbox/plugins
  -Didea.config.path=/Users/Sebastian.Sellmair/JetBrainsProjects/kotlinx.coroutines/idea-sandbox/config
  -Didea.log.path=/Users/Sebastian.Sellmair/JetBrainsProjects/kotlinx.coroutines/idea-sandbox/logs
  -Didea.trust.all.projects=true
  -Didea.system.path=/Users/Sebastian.Sellmair/JetBrainsProjects/kotlinx.coroutines/idea-sandbox/system
  -Dexternal.system.auto.import.disabled=true
* Additional JVM args can be found at: /Users/Sebastian.Sellmair/JetBrainsProjects/kotlinx.coroutines/idea-sandbox/scenarioOptions/idea.vmoptions
* IDEA properties:
* IDEA properties can be found at: /Users/Sebastian.Sellmair/JetBrainsProjects/kotlinx.coroutines/idea-sandbox/scenarioOptions/idea.properties
* IntelliJ IDEA logs can be found at: /Users/Sebastian.Sellmair/JetBrainsProjects/kotlinx.coroutines/idea-sandbox/logs/idea.log
* Using command line: /Users/Sebastian.Sellmair/Applications/IntelliJ IDEA.app/Contents/MacOS/idea /Users/Sebastian.Sellmair/JetBrainsProjects/kotlinx.coroutines

Running command /Users/Sebastian.Sellmair/Applications/IntelliJ IDEA.app/Contents/MacOS/idea /Users/Sebastian.Sellmair/JetBrainsProjects/kotlinx.coroutines
PROFILER AGENT RUNNING
* Connected to controller process
* Running sync in IntelliJ IDEA...
* Sent sync request
* Sync has started, waiting for it to complete...
* Injecting support classes from /private/var/folders/bb/knlwqxjd1c3_f3wxjdtbw4rc0000gp/T/instrumentation-support18153398279570792126.jar
* Instrumenting GradleConnector
* Creating project connection
* Using Gradle home: /Users/Sebastian.Sellmair/JetBrainsProjects/kotlinx.coroutines/gradle-user-home/wrapper/dists/gradle-9.9.0-bin/a6urkf1odb3il94l2pqayyhkp/gradle-9.9.0-20260918071003+0000
* Instrumenting GradleConnector
* Instrumenting BuildExecuter
* Starting tooling API operation org.gradle.tooling.internal.consumer.DefaultPhasedBuildActionExecuter@55001f98
* Gradle invocation 1 has started, waiting for it to complete...
* Using Gradle args: [--gradle-user-home, /Users/Sebastian.Sellmair/JetBrainsProjects/kotlinx.coroutines/gradle-user-home, -I, /private/var/folders/bb/knlwqxjd1c3_f3wxjdtbw4rc0000gp/T/gradleProfiler7314317858836012770.gradle]
* Using JVM args: [-Xmx3g, -Dfile.encoding=UTF-8, -Duser.country=US, -Duser.language=en, -Duser.variant, -Dorg.gradle.profiler.scenario=idea-sync-warm-cold-cold, -Dorg.gradle.profiler.phase=WARM_UP, -Dorg.gradle.profiler.phase.display.name=warm-up, -Dorg.gradle.profiler.number=1, -Dorg.gradle.profiler.step=BUILD]
OPERATION COMPLETE: null
* Gradle invocation 1 has completed in: 9595ms
* Full Gradle execution time: 9595ms
* Full IntelliJ IDEA execution time: 32429ms
* Full sync has completed in: 42024ms and it SUCCEEDED
Used daemon with pid 43641
Execution time 42024 ms

* Using args for instrumented builds:

* Running cleanup for measured build #1

* Stopping daemons
Running command /Users/Sebastian.Sellmair/JetBrainsProjects/kotlinx.coroutines/gradle-user-home/wrapper/dists/gradle-9.9.0-bin/a6urkf1odb3il94l2pqayyhkp/gradle-9.9.0-20260918071003+0000/bin/gradle --stop --gradle-user-home /Users/Sebastian.Sellmair/JetBrainsProjects/kotlinx.coroutines/gradle-user-home
Stopping Daemon(s)
1 Daemon stopped

* Running measured build #1
> Cleaning project .gradle cache: /Users/Sebastian.Sellmair/JetBrainsProjects/kotlinx.coroutines/.gradle
> Cleaning buildSrc .gradle cache: /Users/Sebastian.Sellmair/JetBrainsProjects/kotlinx.coroutines/buildSrc/.gradle
* Cleaning IntelliJ IDEA cache, this will require a restart...


* Starting IntelliJ IDEA at /Users/Sebastian.Sellmair/Applications/IntelliJ IDEA.app
* Start command: /Users/Sebastian.Sellmair/Applications/IntelliJ IDEA.app/Contents/MacOS/idea
* Additional JVM args:
  -javaagent:/private/var/folders/bb/knlwqxjd1c3_f3wxjdtbw4rc0000gp/T/ide-agent7648006624045889007.jar=63852,/private/var/folders/bb/knlwqxjd1c3_f3wxjdtbw4rc0000gp/T/instrumentation-support13127989738661204945.jar
  --add-exports=java.base/jdk.internal.misc=ALL-UNNAMED
  -Xbootclasspath/a:/private/var/folders/bb/knlwqxjd1c3_f3wxjdtbw4rc0000gp/T/asm16976402863609237427.jar:/private/var/folders/bb/knlwqxjd1c3_f3wxjdtbw4rc0000gp/T/client-protocol3199637011834684298.jar
  -Xms256m
  -Xmx4096m
  -Didea.gradle.distributionType=BUNDLED
  -Dgradle.profiler.startup.port=63850
  -Dgradle.profiler.port=63851
  -Didea.plugins.path=/Users/Sebastian.Sellmair/JetBrainsProjects/kotlinx.coroutines/idea-sandbox/plugins
  -Didea.config.path=/Users/Sebastian.Sellmair/JetBrainsProjects/kotlinx.coroutines/idea-sandbox/config
  -Didea.log.path=/Users/Sebastian.Sellmair/JetBrainsProjects/kotlinx.coroutines/idea-sandbox/logs
  -Didea.trust.all.projects=true
  -Didea.system.path=/Users/Sebastian.Sellmair/JetBrainsProjects/kotlinx.coroutines/idea-sandbox/system
  -Dexternal.system.auto.import.disabled=true
* Additional JVM args can be found at: /Users/Sebastian.Sellmair/JetBrainsProjects/kotlinx.coroutines/idea-sandbox/scenarioOptions/idea.vmoptions
* IDEA properties:
* IDEA properties can be found at: /Users/Sebastian.Sellmair/JetBrainsProjects/kotlinx.coroutines/idea-sandbox/scenarioOptions/idea.properties
* IntelliJ IDEA logs can be found at: /Users/Sebastian.Sellmair/JetBrainsProjects/kotlinx.coroutines/idea-sandbox/logs/idea.log
* Using command line: /Users/Sebastian.Sellmair/Applications/IntelliJ IDEA.app/Contents/MacOS/idea /Users/Sebastian.Sellmair/JetBrainsProjects/kotlinx.coroutines

Running command /Users/Sebastian.Sellmair/Applications/IntelliJ IDEA.app/Contents/MacOS/idea /Users/Sebastian.Sellmair/JetBrainsProjects/kotlinx.coroutines
PROFILER AGENT RUNNING
* Connected to controller process
* Running sync in IntelliJ IDEA...
* Sent sync request
* Sync has started, waiting for it to complete...
* Injecting support classes from /private/var/folders/bb/knlwqxjd1c3_f3wxjdtbw4rc0000gp/T/instrumentation-support13127989738661204945.jar
* Instrumenting GradleConnector
* Creating project connection
* Using Gradle home: /Users/Sebastian.Sellmair/JetBrainsProjects/kotlinx.coroutines/gradle-user-home/wrapper/dists/gradle-9.9.0-bin/a6urkf1odb3il94l2pqayyhkp/gradle-9.9.0-20260918071003+0000
* Instrumenting GradleConnector
* Instrumenting BuildExecuter
* Starting tooling API operation org.gradle.tooling.internal.consumer.DefaultPhasedBuildActionExecuter@bd0f26b
* Gradle invocation 1 has started, waiting for it to complete...
* Using Gradle args: [--gradle-user-home, /Users/Sebastian.Sellmair/JetBrainsProjects/kotlinx.coroutines/gradle-user-home, -I, /private/var/folders/bb/knlwqxjd1c3_f3wxjdtbw4rc0000gp/T/gradleProfiler7314317858836012770.gradle]
* Using JVM args: [-Xmx3g, -Dfile.encoding=UTF-8, -Duser.country=US, -Duser.language=en, -Duser.variant, -Dorg.gradle.profiler.scenario=idea-sync-warm-cold-cold, -Dorg.gradle.profiler.phase=MEASURE, -Dorg.gradle.profiler.phase.display.name=measured, -Dorg.gradle.profiler.number=1, -Dorg.gradle.profiler.step=BUILD]
OPERATION COMPLETE: null
* Gradle invocation 1 has completed in: 9322ms
* Full Gradle execution time: 9322ms
* Full IntelliJ IDEA execution time: 33178ms
* Full sync has completed in: 42500ms and it SUCCEEDED
Used daemon with pid 43871
Execution time 42500 ms

* Running cleanup for measured build #2

* Stopping daemons
Running command /Users/Sebastian.Sellmair/JetBrainsProjects/kotlinx.coroutines/gradle-user-home/wrapper/dists/gradle-9.9.0-bin/a6urkf1odb3il94l2pqayyhkp/gradle-9.9.0-20260918071003+0000/bin/gradle --stop --gradle-user-home /Users/Sebastian.Sellmair/JetBrainsProjects/kotlinx.coroutines/gradle-user-home
Stopping Daemon(s)
1 Daemon stopped

* Running measured build #2
> Cleaning project .gradle cache: /Users/Sebastian.Sellmair/JetBrainsProjects/kotlinx.coroutines/.gradle
> Cleaning buildSrc .gradle cache: /Users/Sebastian.Sellmair/JetBrainsProjects/kotlinx.coroutines/buildSrc/.gradle
* Cleaning IntelliJ IDEA cache, this will require a restart...


* Starting IntelliJ IDEA at /Users/Sebastian.Sellmair/Applications/IntelliJ IDEA.app
* Start command: /Users/Sebastian.Sellmair/Applications/IntelliJ IDEA.app/Contents/MacOS/idea
* Additional JVM args:
  -javaagent:/private/var/folders/bb/knlwqxjd1c3_f3wxjdtbw4rc0000gp/T/ide-agent8084709369923393563.jar=63925,/private/var/folders/bb/knlwqxjd1c3_f3wxjdtbw4rc0000gp/T/instrumentation-support1463701453666058269.jar
  --add-exports=java.base/jdk.internal.misc=ALL-UNNAMED
  -Xbootclasspath/a:/private/var/folders/bb/knlwqxjd1c3_f3wxjdtbw4rc0000gp/T/asm16080616534648485776.jar:/private/var/folders/bb/knlwqxjd1c3_f3wxjdtbw4rc0000gp/T/client-protocol2261433433631317496.jar
  -Xms256m
  -Xmx4096m
  -Didea.gradle.distributionType=BUNDLED
  -Dgradle.profiler.startup.port=63923
  -Dgradle.profiler.port=63924
  -Didea.plugins.path=/Users/Sebastian.Sellmair/JetBrainsProjects/kotlinx.coroutines/idea-sandbox/plugins
  -Didea.config.path=/Users/Sebastian.Sellmair/JetBrainsProjects/kotlinx.coroutines/idea-sandbox/config
  -Didea.log.path=/Users/Sebastian.Sellmair/JetBrainsProjects/kotlinx.coroutines/idea-sandbox/logs
  -Didea.trust.all.projects=true
  -Didea.system.path=/Users/Sebastian.Sellmair/JetBrainsProjects/kotlinx.coroutines/idea-sandbox/system
  -Dexternal.system.auto.import.disabled=true
* Additional JVM args can be found at: /Users/Sebastian.Sellmair/JetBrainsProjects/kotlinx.coroutines/idea-sandbox/scenarioOptions/idea.vmoptions
* IDEA properties:
* IDEA properties can be found at: /Users/Sebastian.Sellmair/JetBrainsProjects/kotlinx.coroutines/idea-sandbox/scenarioOptions/idea.properties
* IntelliJ IDEA logs can be found at: /Users/Sebastian.Sellmair/JetBrainsProjects/kotlinx.coroutines/idea-sandbox/logs/idea.log
* Using command line: /Users/Sebastian.Sellmair/Applications/IntelliJ IDEA.app/Contents/MacOS/idea /Users/Sebastian.Sellmair/JetBrainsProjects/kotlinx.coroutines

Running command /Users/Sebastian.Sellmair/Applications/IntelliJ IDEA.app/Contents/MacOS/idea /Users/Sebastian.Sellmair/JetBrainsProjects/kotlinx.coroutines
PROFILER AGENT RUNNING
* Connected to controller process
* Running sync in IntelliJ IDEA...
* Sent sync request
* Sync has started, waiting for it to complete...
* Injecting support classes from /private/var/folders/bb/knlwqxjd1c3_f3wxjdtbw4rc0000gp/T/instrumentation-support1463701453666058269.jar
* Instrumenting GradleConnector
* Creating project connection
* Using Gradle home: /Users/Sebastian.Sellmair/JetBrainsProjects/kotlinx.coroutines/gradle-user-home/wrapper/dists/gradle-9.9.0-bin/a6urkf1odb3il94l2pqayyhkp/gradle-9.9.0-20260918071003+0000
* Instrumenting GradleConnector
* Instrumenting BuildExecuter
* Starting tooling API operation org.gradle.tooling.internal.consumer.DefaultPhasedBuildActionExecuter@6f8a04d4
* Gradle invocation 1 has started, waiting for it to complete...
* Using Gradle args: [--gradle-user-home, /Users/Sebastian.Sellmair/JetBrainsProjects/kotlinx.coroutines/gradle-user-home, -I, /private/var/folders/bb/knlwqxjd1c3_f3wxjdtbw4rc0000gp/T/gradleProfiler7314317858836012770.gradle]
* Using JVM args: [-Xmx3g, -Dfile.encoding=UTF-8, -Duser.country=US, -Duser.language=en, -Duser.variant, -Dorg.gradle.profiler.scenario=idea-sync-warm-cold-cold, -Dorg.gradle.profiler.phase=MEASURE, -Dorg.gradle.profiler.phase.display.name=measured, -Dorg.gradle.profiler.number=2, -Dorg.gradle.profiler.step=BUILD]
OPERATION COMPLETE: null
* Gradle invocation 1 has completed in: 7845ms
* Full Gradle execution time: 7845ms
* Full IntelliJ IDEA execution time: 28750ms
* Full sync has completed in: 36595ms and it SUCCEEDED
Used daemon with pid 44091
Execution time 36595 ms

* Running cleanup for measured build #3

* Stopping daemons
Running command /Users/Sebastian.Sellmair/JetBrainsProjects/kotlinx.coroutines/gradle-user-home/wrapper/dists/gradle-9.9.0-bin/a6urkf1odb3il94l2pqayyhkp/gradle-9.9.0-20260918071003+0000/bin/gradle --stop --gradle-user-home /Users/Sebastian.Sellmair/JetBrainsProjects/kotlinx.coroutines/gradle-user-home
Stopping Daemon(s)
1 Daemon stopped

* Running measured build #3
> Cleaning project .gradle cache: /Users/Sebastian.Sellmair/JetBrainsProjects/kotlinx.coroutines/.gradle
> Cleaning buildSrc .gradle cache: /Users/Sebastian.Sellmair/JetBrainsProjects/kotlinx.coroutines/buildSrc/.gradle
* Cleaning IntelliJ IDEA cache, this will require a restart...


* Starting IntelliJ IDEA at /Users/Sebastian.Sellmair/Applications/IntelliJ IDEA.app
* Start command: /Users/Sebastian.Sellmair/Applications/IntelliJ IDEA.app/Contents/MacOS/idea
* Additional JVM args:
  -javaagent:/private/var/folders/bb/knlwqxjd1c3_f3wxjdtbw4rc0000gp/T/ide-agent6162748018374808895.jar=63990,/private/var/folders/bb/knlwqxjd1c3_f3wxjdtbw4rc0000gp/T/instrumentation-support2359841317357597050.jar
  --add-exports=java.base/jdk.internal.misc=ALL-UNNAMED
  -Xbootclasspath/a:/private/var/folders/bb/knlwqxjd1c3_f3wxjdtbw4rc0000gp/T/asm5010549404839597503.jar:/private/var/folders/bb/knlwqxjd1c3_f3wxjdtbw4rc0000gp/T/client-protocol14113142693077817322.jar
  -Xms256m
  -Xmx4096m
  -Didea.gradle.distributionType=BUNDLED
  -Dgradle.profiler.startup.port=63988
  -Dgradle.profiler.port=63989
  -Didea.plugins.path=/Users/Sebastian.Sellmair/JetBrainsProjects/kotlinx.coroutines/idea-sandbox/plugins
  -Didea.config.path=/Users/Sebastian.Sellmair/JetBrainsProjects/kotlinx.coroutines/idea-sandbox/config
  -Didea.log.path=/Users/Sebastian.Sellmair/JetBrainsProjects/kotlinx.coroutines/idea-sandbox/logs
  -Didea.trust.all.projects=true
  -Didea.system.path=/Users/Sebastian.Sellmair/JetBrainsProjects/kotlinx.coroutines/idea-sandbox/system
  -Dexternal.system.auto.import.disabled=true
* Additional JVM args can be found at: /Users/Sebastian.Sellmair/JetBrainsProjects/kotlinx.coroutines/idea-sandbox/scenarioOptions/idea.vmoptions
* IDEA properties:
* IDEA properties can be found at: /Users/Sebastian.Sellmair/JetBrainsProjects/kotlinx.coroutines/idea-sandbox/scenarioOptions/idea.properties
* IntelliJ IDEA logs can be found at: /Users/Sebastian.Sellmair/JetBrainsProjects/kotlinx.coroutines/idea-sandbox/logs/idea.log
* Using command line: /Users/Sebastian.Sellmair/Applications/IntelliJ IDEA.app/Contents/MacOS/idea /Users/Sebastian.Sellmair/JetBrainsProjects/kotlinx.coroutines

Running command /Users/Sebastian.Sellmair/Applications/IntelliJ IDEA.app/Contents/MacOS/idea /Users/Sebastian.Sellmair/JetBrainsProjects/kotlinx.coroutines
PROFILER AGENT RUNNING
* Connected to controller process
* Running sync in IntelliJ IDEA...
* Sent sync request
* Sync has started, waiting for it to complete...
* Injecting support classes from /private/var/folders/bb/knlwqxjd1c3_f3wxjdtbw4rc0000gp/T/instrumentation-support2359841317357597050.jar
* Instrumenting GradleConnector
* Creating project connection
* Using Gradle home: /Users/Sebastian.Sellmair/JetBrainsProjects/kotlinx.coroutines/gradle-user-home/wrapper/dists/gradle-9.9.0-bin/a6urkf1odb3il94l2pqayyhkp/gradle-9.9.0-20260918071003+0000
* Instrumenting GradleConnector
* Instrumenting BuildExecuter
* Starting tooling API operation org.gradle.tooling.internal.consumer.DefaultPhasedBuildActionExecuter@2482da8d
* Gradle invocation 1 has started, waiting for it to complete...
* Using Gradle args: [--gradle-user-home, /Users/Sebastian.Sellmair/JetBrainsProjects/kotlinx.coroutines/gradle-user-home, -I, /private/var/folders/bb/knlwqxjd1c3_f3wxjdtbw4rc0000gp/T/gradleProfiler7314317858836012770.gradle]
* Using JVM args: [-Xmx3g, -Dfile.encoding=UTF-8, -Duser.country=US, -Duser.language=en, -Duser.variant, -Dorg.gradle.profiler.scenario=idea-sync-warm-cold-cold, -Dorg.gradle.profiler.phase=MEASURE, -Dorg.gradle.profiler.phase.display.name=measured, -Dorg.gradle.profiler.number=3, -Dorg.gradle.profiler.step=BUILD]
OPERATION COMPLETE: null
* Gradle invocation 1 has completed in: 7853ms
* Full Gradle execution time: 7853ms
* Full IntelliJ IDEA execution time: 30030ms
* Full sync has completed in: 37883ms and it SUCCEEDED
Used daemon with pid 44238
Execution time 37883 ms
* Stopping IntelliJ IDEA....
* IntelliJ IDEA stopped.

* Stopping daemons
Running command /Users/Sebastian.Sellmair/JetBrainsProjects/kotlinx.coroutines/gradle-user-home/wrapper/dists/gradle-9.9.0-bin/a6urkf1odb3il94l2pqayyhkp/gradle-9.9.0-20260918071003+0000/bin/gradle --stop --gradle-user-home /Users/Sebastian.Sellmair/JetBrainsProjects/kotlinx.coroutines/gradle-user-home
No Gradle daemons are running.

* Running scenario Sync: Warm Gradle User Home, Warm Gradle Daemon, Warm IntelliJ caches, Root build script change using Gradle 9.9.0-20260918071003+0000 (scenario 5/9)

* Stopping daemons
Running command /Users/Sebastian.Sellmair/JetBrainsProjects/kotlinx.coroutines/gradle-user-home/wrapper/dists/gradle-9.9.0-bin/a6urkf1odb3il94l2pqayyhkp/gradle-9.9.0-20260918071003+0000/bin/gradle --stop --gradle-user-home /Users/Sebastian.Sellmair/JetBrainsProjects/kotlinx.coroutines/gradle-user-home
No Gradle daemons are running.

* Build details
Gradle version: Gradle 9.9.0-20260918071003+0000
Java home: /Users/Sebastian.Sellmair/.sdkman/candidates/java/21.0.8-jbr
OS: mac os x aarch64 26.6.2
JVM args:
  -Xmx3g
  -Dfile.encoding=UTF-8
  -Duser.country=US
  -Duser.language=en
  -Duser.variant
  -Dorg.gradle.profiler.scenario=idea-sync-warm-warm-warm-root-build-script-change
Gradle args:
  --gradle-user-home
  /Users/Sebastian.Sellmair/JetBrainsProjects/kotlinx.coroutines/gradle-user-home
  -I
  /private/var/folders/bb/knlwqxjd1c3_f3wxjdtbw4rc0000gp/T/gradleProfiler17213501918327873410.gradle

* Running warm-up build #1
> Applying build script change to '/Users/Sebastian.Sellmair/JetBrainsProjects/kotlinx.coroutines/build.gradle.kts'


* Starting IntelliJ IDEA at /Users/Sebastian.Sellmair/Applications/IntelliJ IDEA.app
* Start command: /Users/Sebastian.Sellmair/Applications/IntelliJ IDEA.app/Contents/MacOS/idea
* Additional JVM args:
  -javaagent:/private/var/folders/bb/knlwqxjd1c3_f3wxjdtbw4rc0000gp/T/ide-agent3378132538628183894.jar=64059,/private/var/folders/bb/knlwqxjd1c3_f3wxjdtbw4rc0000gp/T/instrumentation-support5684943459798920071.jar
  --add-exports=java.base/jdk.internal.misc=ALL-UNNAMED
  -Xbootclasspath/a:/private/var/folders/bb/knlwqxjd1c3_f3wxjdtbw4rc0000gp/T/asm11671211730376300049.jar:/private/var/folders/bb/knlwqxjd1c3_f3wxjdtbw4rc0000gp/T/client-protocol699731758942576411.jar
  -Xms256m
  -Xmx4096m
  -Didea.gradle.distributionType=BUNDLED
  -Dgradle.profiler.startup.port=64057
  -Dgradle.profiler.port=64058
  -Didea.plugins.path=/Users/Sebastian.Sellmair/JetBrainsProjects/kotlinx.coroutines/idea-sandbox/plugins
  -Didea.config.path=/Users/Sebastian.Sellmair/JetBrainsProjects/kotlinx.coroutines/idea-sandbox/config
  -Didea.log.path=/Users/Sebastian.Sellmair/JetBrainsProjects/kotlinx.coroutines/idea-sandbox/logs
  -Didea.trust.all.projects=true
  -Didea.system.path=/Users/Sebastian.Sellmair/JetBrainsProjects/kotlinx.coroutines/idea-sandbox/system
  -Dexternal.system.auto.import.disabled=true
* Additional JVM args can be found at: /Users/Sebastian.Sellmair/JetBrainsProjects/kotlinx.coroutines/idea-sandbox/scenarioOptions/idea.vmoptions
* IDEA properties:
* IDEA properties can be found at: /Users/Sebastian.Sellmair/JetBrainsProjects/kotlinx.coroutines/idea-sandbox/scenarioOptions/idea.properties
* IntelliJ IDEA logs can be found at: /Users/Sebastian.Sellmair/JetBrainsProjects/kotlinx.coroutines/idea-sandbox/logs/idea.log
* Using command line: /Users/Sebastian.Sellmair/Applications/IntelliJ IDEA.app/Contents/MacOS/idea /Users/Sebastian.Sellmair/JetBrainsProjects/kotlinx.coroutines

Running command /Users/Sebastian.Sellmair/Applications/IntelliJ IDEA.app/Contents/MacOS/idea /Users/Sebastian.Sellmair/JetBrainsProjects/kotlinx.coroutines
PROFILER AGENT RUNNING
* Connected to controller process
* Running sync in IntelliJ IDEA...
* Sent sync request
* Sync has started, waiting for it to complete...
* Injecting support classes from /private/var/folders/bb/knlwqxjd1c3_f3wxjdtbw4rc0000gp/T/instrumentation-support5684943459798920071.jar
* Instrumenting GradleConnector
* Creating project connection
* Using Gradle home: /Users/Sebastian.Sellmair/JetBrainsProjects/kotlinx.coroutines/gradle-user-home/wrapper/dists/gradle-9.9.0-bin/a6urkf1odb3il94l2pqayyhkp/gradle-9.9.0-20260918071003+0000
* Instrumenting GradleConnector
* Instrumenting BuildExecuter
* Starting tooling API operation org.gradle.tooling.internal.consumer.DefaultPhasedBuildActionExecuter@6af519d0
* Gradle invocation 1 has started, waiting for it to complete...
* Using Gradle args: [--gradle-user-home, /Users/Sebastian.Sellmair/JetBrainsProjects/kotlinx.coroutines/gradle-user-home, -I, /private/var/folders/bb/knlwqxjd1c3_f3wxjdtbw4rc0000gp/T/gradleProfiler17213501918327873410.gradle]
* Using JVM args: [-Xmx3g, -Dfile.encoding=UTF-8, -Duser.country=US, -Duser.language=en, -Duser.variant, -Dorg.gradle.profiler.scenario=idea-sync-warm-warm-warm-root-build-script-change, -Dorg.gradle.profiler.phase=WARM_UP, -Dorg.gradle.profiler.phase.display.name=warm-up, -Dorg.gradle.profiler.number=1, -Dorg.gradle.profiler.step=BUILD]
OPERATION COMPLETE: null
* Gradle invocation 1 has completed in: 12659ms
* Full Gradle execution time: 12659ms
* Full IntelliJ IDEA execution time: 2703ms
* Full sync has completed in: 15362ms and it SUCCEEDED
Used daemon with pid 44413
Execution time 15362 ms

* Using args for instrumented builds:

* Running measured build #1
> Applying build script change to '/Users/Sebastian.Sellmair/JetBrainsProjects/kotlinx.coroutines/build.gradle.kts'
* Running sync in IntelliJ IDEA...
* Sent sync request
* Sync has started, waiting for it to complete...
* Creating project connection
* Using Gradle home: /Users/Sebastian.Sellmair/JetBrainsProjects/kotlinx.coroutines/gradle-user-home/wrapper/dists/gradle-9.9.0-bin/a6urkf1odb3il94l2pqayyhkp/gradle-9.9.0-20260918071003+0000
* Starting tooling API operation org.gradle.tooling.internal.consumer.DefaultPhasedBuildActionExecuter@7421236e
* Gradle invocation 1 has started, waiting for it to complete...
* Using Gradle args: [--gradle-user-home, /Users/Sebastian.Sellmair/JetBrainsProjects/kotlinx.coroutines/gradle-user-home, -I, /private/var/folders/bb/knlwqxjd1c3_f3wxjdtbw4rc0000gp/T/gradleProfiler17213501918327873410.gradle]
* Using JVM args: [-Xmx3g, -Dfile.encoding=UTF-8, -Duser.country=US, -Duser.language=en, -Duser.variant, -Dorg.gradle.profiler.scenario=idea-sync-warm-warm-warm-root-build-script-change, -Dorg.gradle.profiler.phase=MEASURE, -Dorg.gradle.profiler.phase.display.name=measured, -Dorg.gradle.profiler.number=1, -Dorg.gradle.profiler.step=BUILD]
OPERATION COMPLETE: null
* Gradle invocation 1 has completed in: 2901ms
* Full Gradle execution time: 2901ms
* Full IntelliJ IDEA execution time: 971ms
* Full sync has completed in: 3872ms and it SUCCEEDED
Used daemon with pid 44413
Execution time 3872 ms

* Running measured build #2
> Applying build script change to '/Users/Sebastian.Sellmair/JetBrainsProjects/kotlinx.coroutines/build.gradle.kts'
* Running sync in IntelliJ IDEA...
* Sent sync request
* Sync has started, waiting for it to complete...
* Creating project connection
* Using Gradle home: /Users/Sebastian.Sellmair/JetBrainsProjects/kotlinx.coroutines/gradle-user-home/wrapper/dists/gradle-9.9.0-bin/a6urkf1odb3il94l2pqayyhkp/gradle-9.9.0-20260918071003+0000
* Starting tooling API operation org.gradle.tooling.internal.consumer.DefaultPhasedBuildActionExecuter@4ef475e3
* Gradle invocation 1 has started, waiting for it to complete...
* Using Gradle args: [--gradle-user-home, /Users/Sebastian.Sellmair/JetBrainsProjects/kotlinx.coroutines/gradle-user-home, -I, /private/var/folders/bb/knlwqxjd1c3_f3wxjdtbw4rc0000gp/T/gradleProfiler17213501918327873410.gradle]
* Using JVM args: [-Xmx3g, -Dfile.encoding=UTF-8, -Duser.country=US, -Duser.language=en, -Duser.variant, -Dorg.gradle.profiler.scenario=idea-sync-warm-warm-warm-root-build-script-change, -Dorg.gradle.profiler.phase=MEASURE, -Dorg.gradle.profiler.phase.display.name=measured, -Dorg.gradle.profiler.number=2, -Dorg.gradle.profiler.step=BUILD]
OPERATION COMPLETE: null
* Gradle invocation 1 has completed in: 1427ms
* Full Gradle execution time: 1427ms
* Full IntelliJ IDEA execution time: 859ms
* Full sync has completed in: 2286ms and it SUCCEEDED
Used daemon with pid 44413
Execution time 2286 ms

* Running measured build #3
> Applying build script change to '/Users/Sebastian.Sellmair/JetBrainsProjects/kotlinx.coroutines/build.gradle.kts'
* Running sync in IntelliJ IDEA...
* Sent sync request
* Sync has started, waiting for it to complete...
* Creating project connection
* Using Gradle home: /Users/Sebastian.Sellmair/JetBrainsProjects/kotlinx.coroutines/gradle-user-home/wrapper/dists/gradle-9.9.0-bin/a6urkf1odb3il94l2pqayyhkp/gradle-9.9.0-20260918071003+0000
* Starting tooling API operation org.gradle.tooling.internal.consumer.DefaultPhasedBuildActionExecuter@59834657
* Gradle invocation 1 has started, waiting for it to complete...
* Using Gradle args: [--gradle-user-home, /Users/Sebastian.Sellmair/JetBrainsProjects/kotlinx.coroutines/gradle-user-home, -I, /private/var/folders/bb/knlwqxjd1c3_f3wxjdtbw4rc0000gp/T/gradleProfiler17213501918327873410.gradle]
* Using JVM args: [-Xmx3g, -Dfile.encoding=UTF-8, -Duser.country=US, -Duser.language=en, -Duser.variant, -Dorg.gradle.profiler.scenario=idea-sync-warm-warm-warm-root-build-script-change, -Dorg.gradle.profiler.phase=MEASURE, -Dorg.gradle.profiler.phase.display.name=measured, -Dorg.gradle.profiler.number=3, -Dorg.gradle.profiler.step=BUILD]
OPERATION COMPLETE: null
* Gradle invocation 1 has completed in: 1760ms
* Full Gradle execution time: 1760ms
* Full IntelliJ IDEA execution time: 858ms
* Full sync has completed in: 2618ms and it SUCCEEDED
Used daemon with pid 44413
Execution time 2618 ms
* Stopping IntelliJ IDEA....
* IntelliJ IDEA stopped.

* Stopping daemons
Running command /Users/Sebastian.Sellmair/JetBrainsProjects/kotlinx.coroutines/gradle-user-home/wrapper/dists/gradle-9.9.0-bin/a6urkf1odb3il94l2pqayyhkp/gradle-9.9.0-20260918071003+0000/bin/gradle --stop --gradle-user-home /Users/Sebastian.Sellmair/JetBrainsProjects/kotlinx.coroutines/gradle-user-home
Stopping Daemon(s)
1 Daemon stopped

* Running scenario Sync: Warm Gradle User Home, Warm Gradle Daemon, Warm IntelliJ caches, buildSrc build script change using Gradle 9.9.0-20260918071003+0000 (scenario 6/9)

* Stopping daemons
Running command /Users/Sebastian.Sellmair/JetBrainsProjects/kotlinx.coroutines/gradle-user-home/wrapper/dists/gradle-9.9.0-bin/a6urkf1odb3il94l2pqayyhkp/gradle-9.9.0-20260918071003+0000/bin/gradle --stop --gradle-user-home /Users/Sebastian.Sellmair/JetBrainsProjects/kotlinx.coroutines/gradle-user-home
No Gradle daemons are running.

* Build details
Gradle version: Gradle 9.9.0-20260918071003+0000
Java home: /Users/Sebastian.Sellmair/.sdkman/candidates/java/21.0.8-jbr
OS: mac os x aarch64 26.6.2
JVM args:
  -Xmx3g
  -Dfile.encoding=UTF-8
  -Duser.country=US
  -Duser.language=en
  -Duser.variant
  -Dorg.gradle.profiler.scenario=idea-sync-warm-warm-warm-buildSrc-build-script-change
Gradle args:
  --gradle-user-home
  /Users/Sebastian.Sellmair/JetBrainsProjects/kotlinx.coroutines/gradle-user-home
  -I
  /private/var/folders/bb/knlwqxjd1c3_f3wxjdtbw4rc0000gp/T/gradleProfiler8564288504496464891.gradle

* Running warm-up build #1
> Applying build script change to '/Users/Sebastian.Sellmair/JetBrainsProjects/kotlinx.coroutines/buildSrc/build.gradle.kts'


* Starting IntelliJ IDEA at /Users/Sebastian.Sellmair/Applications/IntelliJ IDEA.app
* Start command: /Users/Sebastian.Sellmair/Applications/IntelliJ IDEA.app/Contents/MacOS/idea
* Additional JVM args:
  -javaagent:/private/var/folders/bb/knlwqxjd1c3_f3wxjdtbw4rc0000gp/T/ide-agent1157707894410969187.jar=64252,/private/var/folders/bb/knlwqxjd1c3_f3wxjdtbw4rc0000gp/T/instrumentation-support14459611976905383185.jar
  --add-exports=java.base/jdk.internal.misc=ALL-UNNAMED
  -Xbootclasspath/a:/private/var/folders/bb/knlwqxjd1c3_f3wxjdtbw4rc0000gp/T/asm4550139746671067801.jar:/private/var/folders/bb/knlwqxjd1c3_f3wxjdtbw4rc0000gp/T/client-protocol16551606890628077905.jar
  -Xms256m
  -Xmx4096m
  -Didea.gradle.distributionType=BUNDLED
  -Dgradle.profiler.startup.port=64250
  -Dgradle.profiler.port=64251
  -Didea.plugins.path=/Users/Sebastian.Sellmair/JetBrainsProjects/kotlinx.coroutines/idea-sandbox/plugins
  -Didea.config.path=/Users/Sebastian.Sellmair/JetBrainsProjects/kotlinx.coroutines/idea-sandbox/config
  -Didea.log.path=/Users/Sebastian.Sellmair/JetBrainsProjects/kotlinx.coroutines/idea-sandbox/logs
  -Didea.trust.all.projects=true
  -Didea.system.path=/Users/Sebastian.Sellmair/JetBrainsProjects/kotlinx.coroutines/idea-sandbox/system
  -Dexternal.system.auto.import.disabled=true
* Additional JVM args can be found at: /Users/Sebastian.Sellmair/JetBrainsProjects/kotlinx.coroutines/idea-sandbox/scenarioOptions/idea.vmoptions
* IDEA properties:
* IDEA properties can be found at: /Users/Sebastian.Sellmair/JetBrainsProjects/kotlinx.coroutines/idea-sandbox/scenarioOptions/idea.properties
* IntelliJ IDEA logs can be found at: /Users/Sebastian.Sellmair/JetBrainsProjects/kotlinx.coroutines/idea-sandbox/logs/idea.log
* Using command line: /Users/Sebastian.Sellmair/Applications/IntelliJ IDEA.app/Contents/MacOS/idea /Users/Sebastian.Sellmair/JetBrainsProjects/kotlinx.coroutines

Running command /Users/Sebastian.Sellmair/Applications/IntelliJ IDEA.app/Contents/MacOS/idea /Users/Sebastian.Sellmair/JetBrainsProjects/kotlinx.coroutines
PROFILER AGENT RUNNING
* Connected to controller process
* Running sync in IntelliJ IDEA...
* Sent sync request
* Sync has started, waiting for it to complete...
* Injecting support classes from /private/var/folders/bb/knlwqxjd1c3_f3wxjdtbw4rc0000gp/T/instrumentation-support14459611976905383185.jar
* Instrumenting GradleConnector
* Creating project connection
* Using Gradle home: /Users/Sebastian.Sellmair/JetBrainsProjects/kotlinx.coroutines/gradle-user-home/wrapper/dists/gradle-9.9.0-bin/a6urkf1odb3il94l2pqayyhkp/gradle-9.9.0-20260918071003+0000
* Instrumenting GradleConnector
* Instrumenting BuildExecuter
* Starting tooling API operation org.gradle.tooling.internal.consumer.DefaultPhasedBuildActionExecuter@74a78a2c
* Gradle invocation 1 has started, waiting for it to complete...
* Using Gradle args: [--gradle-user-home, /Users/Sebastian.Sellmair/JetBrainsProjects/kotlinx.coroutines/gradle-user-home, -I, /private/var/folders/bb/knlwqxjd1c3_f3wxjdtbw4rc0000gp/T/gradleProfiler8564288504496464891.gradle]
* Using JVM args: [-Xmx3g, -Dfile.encoding=UTF-8, -Duser.country=US, -Duser.language=en, -Duser.variant, -Dorg.gradle.profiler.scenario=idea-sync-warm-warm-warm-buildSrc-build-script-change, -Dorg.gradle.profiler.phase=WARM_UP, -Dorg.gradle.profiler.phase.display.name=warm-up, -Dorg.gradle.profiler.number=1, -Dorg.gradle.profiler.step=BUILD]
OPERATION COMPLETE: null
* Gradle invocation 1 has completed in: 21196ms
* Full Gradle execution time: 21196ms
* Full IntelliJ IDEA execution time: 2050ms
* Full sync has completed in: 23246ms and it SUCCEEDED
Used daemon with pid 44575
Execution time 23246 ms

* Using args for instrumented builds:

* Running measured build #1
> Applying build script change to '/Users/Sebastian.Sellmair/JetBrainsProjects/kotlinx.coroutines/buildSrc/build.gradle.kts'
* Running sync in IntelliJ IDEA...
* Sent sync request
* Sync has started, waiting for it to complete...
* Creating project connection
* Using Gradle home: /Users/Sebastian.Sellmair/JetBrainsProjects/kotlinx.coroutines/gradle-user-home/wrapper/dists/gradle-9.9.0-bin/a6urkf1odb3il94l2pqayyhkp/gradle-9.9.0-20260918071003+0000
* Starting tooling API operation org.gradle.tooling.internal.consumer.DefaultPhasedBuildActionExecuter@639b6a1e
* Gradle invocation 1 has started, waiting for it to complete...
* Using Gradle args: [--gradle-user-home, /Users/Sebastian.Sellmair/JetBrainsProjects/kotlinx.coroutines/gradle-user-home, -I, /private/var/folders/bb/knlwqxjd1c3_f3wxjdtbw4rc0000gp/T/gradleProfiler8564288504496464891.gradle]
* Using JVM args: [-Xmx3g, -Dfile.encoding=UTF-8, -Duser.country=US, -Duser.language=en, -Duser.variant, -Dorg.gradle.profiler.scenario=idea-sync-warm-warm-warm-buildSrc-build-script-change, -Dorg.gradle.profiler.phase=MEASURE, -Dorg.gradle.profiler.phase.display.name=measured, -Dorg.gradle.profiler.number=1, -Dorg.gradle.profiler.step=BUILD]
OPERATION COMPLETE: null
* Gradle invocation 1 has completed in: 2259ms
* Full Gradle execution time: 2259ms
* Full IntelliJ IDEA execution time: 949ms
* Full sync has completed in: 3208ms and it SUCCEEDED
Used daemon with pid 44575
Execution time 3208 ms

* Running measured build #2
> Applying build script change to '/Users/Sebastian.Sellmair/JetBrainsProjects/kotlinx.coroutines/buildSrc/build.gradle.kts'
* Running sync in IntelliJ IDEA...
* Sent sync request
* Sync has started, waiting for it to complete...
* Creating project connection
* Using Gradle home: /Users/Sebastian.Sellmair/JetBrainsProjects/kotlinx.coroutines/gradle-user-home/wrapper/dists/gradle-9.9.0-bin/a6urkf1odb3il94l2pqayyhkp/gradle-9.9.0-20260918071003+0000
* Starting tooling API operation org.gradle.tooling.internal.consumer.DefaultPhasedBuildActionExecuter@21d53205
* Gradle invocation 1 has started, waiting for it to complete...
* Using Gradle args: [--gradle-user-home, /Users/Sebastian.Sellmair/JetBrainsProjects/kotlinx.coroutines/gradle-user-home, -I, /private/var/folders/bb/knlwqxjd1c3_f3wxjdtbw4rc0000gp/T/gradleProfiler8564288504496464891.gradle]
* Using JVM args: [-Xmx3g, -Dfile.encoding=UTF-8, -Duser.country=US, -Duser.language=en, -Duser.variant, -Dorg.gradle.profiler.scenario=idea-sync-warm-warm-warm-buildSrc-build-script-change, -Dorg.gradle.profiler.phase=MEASURE, -Dorg.gradle.profiler.phase.display.name=measured, -Dorg.gradle.profiler.number=2, -Dorg.gradle.profiler.step=BUILD]
OPERATION COMPLETE: null
* Gradle invocation 1 has completed in: 3699ms
* Full Gradle execution time: 3699ms
* Full IntelliJ IDEA execution time: 951ms
* Full sync has completed in: 4650ms and it SUCCEEDED
Used daemon with pid 44575
Execution time 4650 ms

* Running measured build #3
> Applying build script change to '/Users/Sebastian.Sellmair/JetBrainsProjects/kotlinx.coroutines/buildSrc/build.gradle.kts'
* Running sync in IntelliJ IDEA...
* Sent sync request
* Sync has started, waiting for it to complete...
* Creating project connection
* Using Gradle home: /Users/Sebastian.Sellmair/JetBrainsProjects/kotlinx.coroutines/gradle-user-home/wrapper/dists/gradle-9.9.0-bin/a6urkf1odb3il94l2pqayyhkp/gradle-9.9.0-20260918071003+0000
* Starting tooling API operation org.gradle.tooling.internal.consumer.DefaultPhasedBuildActionExecuter@724385a6
* Gradle invocation 1 has started, waiting for it to complete...
* Using Gradle args: [--gradle-user-home, /Users/Sebastian.Sellmair/JetBrainsProjects/kotlinx.coroutines/gradle-user-home, -I, /private/var/folders/bb/knlwqxjd1c3_f3wxjdtbw4rc0000gp/T/gradleProfiler8564288504496464891.gradle]
* Using JVM args: [-Xmx3g, -Dfile.encoding=UTF-8, -Duser.country=US, -Duser.language=en, -Duser.variant, -Dorg.gradle.profiler.scenario=idea-sync-warm-warm-warm-buildSrc-build-script-change, -Dorg.gradle.profiler.phase=MEASURE, -Dorg.gradle.profiler.phase.display.name=measured, -Dorg.gradle.profiler.number=3, -Dorg.gradle.profiler.step=BUILD]
OPERATION COMPLETE: null
* Gradle invocation 1 has completed in: 6238ms
* Full Gradle execution time: 6238ms
* Full IntelliJ IDEA execution time: 907ms
* Full sync has completed in: 7145ms and it SUCCEEDED
Used daemon with pid 44575
Execution time 7145 ms
* Stopping IntelliJ IDEA....
* IntelliJ IDEA stopped.

* Stopping daemons
Running command /Users/Sebastian.Sellmair/JetBrainsProjects/kotlinx.coroutines/gradle-user-home/wrapper/dists/gradle-9.9.0-bin/a6urkf1odb3il94l2pqayyhkp/gradle-9.9.0-20260918071003+0000/bin/gradle --stop --gradle-user-home /Users/Sebastian.Sellmair/JetBrainsProjects/kotlinx.coroutines/gradle-user-home
Stopping Daemon(s)
1 Daemon stopped

* Running scenario Sync: Warm Gradle User Home, Warm Gradle Daemon, Warm IntelliJ caches, Core build script change using Gradle 9.9.0-20260918071003+0000 (scenario 7/9)

* Stopping daemons
Running command /Users/Sebastian.Sellmair/JetBrainsProjects/kotlinx.coroutines/gradle-user-home/wrapper/dists/gradle-9.9.0-bin/a6urkf1odb3il94l2pqayyhkp/gradle-9.9.0-20260918071003+0000/bin/gradle --stop --gradle-user-home /Users/Sebastian.Sellmair/JetBrainsProjects/kotlinx.coroutines/gradle-user-home
No Gradle daemons are running.

* Build details
Gradle version: Gradle 9.9.0-20260918071003+0000
Java home: /Users/Sebastian.Sellmair/.sdkman/candidates/java/21.0.8-jbr
OS: mac os x aarch64 26.6.2
JVM args:
  -Xmx3g
  -Dfile.encoding=UTF-8
  -Duser.country=US
  -Duser.language=en
  -Duser.variant
  -Dorg.gradle.profiler.scenario=idea-sync-warm-warm-warm-core-build-script-change
Gradle args:
  --gradle-user-home
  /Users/Sebastian.Sellmair/JetBrainsProjects/kotlinx.coroutines/gradle-user-home
  -I
  /private/var/folders/bb/knlwqxjd1c3_f3wxjdtbw4rc0000gp/T/gradleProfiler17367889569535670876.gradle

* Running warm-up build #1
> Applying build script change to '/Users/Sebastian.Sellmair/JetBrainsProjects/kotlinx.coroutines/kotlinx-coroutines-core/build.gradle.kts'


* Starting IntelliJ IDEA at /Users/Sebastian.Sellmair/Applications/IntelliJ IDEA.app
* Start command: /Users/Sebastian.Sellmair/Applications/IntelliJ IDEA.app/Contents/MacOS/idea
* Additional JVM args:
  -javaagent:/private/var/folders/bb/knlwqxjd1c3_f3wxjdtbw4rc0000gp/T/ide-agent2582343440856298751.jar=64576,/private/var/folders/bb/knlwqxjd1c3_f3wxjdtbw4rc0000gp/T/instrumentation-support14759095500129138621.jar
  --add-exports=java.base/jdk.internal.misc=ALL-UNNAMED
  -Xbootclasspath/a:/private/var/folders/bb/knlwqxjd1c3_f3wxjdtbw4rc0000gp/T/asm15567518940403480133.jar:/private/var/folders/bb/knlwqxjd1c3_f3wxjdtbw4rc0000gp/T/client-protocol8586462668459758368.jar
  -Xms256m
  -Xmx4096m
  -Didea.gradle.distributionType=BUNDLED
  -Dgradle.profiler.startup.port=64574
  -Dgradle.profiler.port=64575
  -Didea.plugins.path=/Users/Sebastian.Sellmair/JetBrainsProjects/kotlinx.coroutines/idea-sandbox/plugins
  -Didea.config.path=/Users/Sebastian.Sellmair/JetBrainsProjects/kotlinx.coroutines/idea-sandbox/config
  -Didea.log.path=/Users/Sebastian.Sellmair/JetBrainsProjects/kotlinx.coroutines/idea-sandbox/logs
  -Didea.trust.all.projects=true
  -Didea.system.path=/Users/Sebastian.Sellmair/JetBrainsProjects/kotlinx.coroutines/idea-sandbox/system
  -Dexternal.system.auto.import.disabled=true
* Additional JVM args can be found at: /Users/Sebastian.Sellmair/JetBrainsProjects/kotlinx.coroutines/idea-sandbox/scenarioOptions/idea.vmoptions
* IDEA properties:
* IDEA properties can be found at: /Users/Sebastian.Sellmair/JetBrainsProjects/kotlinx.coroutines/idea-sandbox/scenarioOptions/idea.properties
* IntelliJ IDEA logs can be found at: /Users/Sebastian.Sellmair/JetBrainsProjects/kotlinx.coroutines/idea-sandbox/logs/idea.log
* Using command line: /Users/Sebastian.Sellmair/Applications/IntelliJ IDEA.app/Contents/MacOS/idea /Users/Sebastian.Sellmair/JetBrainsProjects/kotlinx.coroutines

Running command /Users/Sebastian.Sellmair/Applications/IntelliJ IDEA.app/Contents/MacOS/idea /Users/Sebastian.Sellmair/JetBrainsProjects/kotlinx.coroutines
PROFILER AGENT RUNNING
* Connected to controller process
* Running sync in IntelliJ IDEA...
* Sent sync request
* Sync has started, waiting for it to complete...
* Injecting support classes from /private/var/folders/bb/knlwqxjd1c3_f3wxjdtbw4rc0000gp/T/instrumentation-support14759095500129138621.jar
* Instrumenting GradleConnector
* Creating project connection
* Using Gradle home: /Users/Sebastian.Sellmair/JetBrainsProjects/kotlinx.coroutines/gradle-user-home/wrapper/dists/gradle-9.9.0-bin/a6urkf1odb3il94l2pqayyhkp/gradle-9.9.0-20260918071003+0000
* Instrumenting GradleConnector
* Instrumenting BuildExecuter
* Starting tooling API operation org.gradle.tooling.internal.consumer.DefaultPhasedBuildActionExecuter@cff1bba
* Gradle invocation 1 has started, waiting for it to complete...
* Using Gradle args: [--gradle-user-home, /Users/Sebastian.Sellmair/JetBrainsProjects/kotlinx.coroutines/gradle-user-home, -I, /private/var/folders/bb/knlwqxjd1c3_f3wxjdtbw4rc0000gp/T/gradleProfiler17367889569535670876.gradle]
* Using JVM args: [-Xmx3g, -Dfile.encoding=UTF-8, -Duser.country=US, -Duser.language=en, -Duser.variant, -Dorg.gradle.profiler.scenario=idea-sync-warm-warm-warm-core-build-script-change, -Dorg.gradle.profiler.phase=WARM_UP, -Dorg.gradle.profiler.phase.display.name=warm-up, -Dorg.gradle.profiler.number=1, -Dorg.gradle.profiler.step=BUILD]
OPERATION COMPLETE: null
* Gradle invocation 1 has completed in: 15960ms
* Full Gradle execution time: 15960ms
* Full IntelliJ IDEA execution time: 1988ms
* Full sync has completed in: 17948ms and it SUCCEEDED
Used daemon with pid 44817
Execution time 17948 ms

* Using args for instrumented builds:

* Running measured build #1
> Applying build script change to '/Users/Sebastian.Sellmair/JetBrainsProjects/kotlinx.coroutines/kotlinx-coroutines-core/build.gradle.kts'
* Running sync in IntelliJ IDEA...
* Sent sync request
* Sync has started, waiting for it to complete...
* Creating project connection
* Using Gradle home: /Users/Sebastian.Sellmair/JetBrainsProjects/kotlinx.coroutines/gradle-user-home/wrapper/dists/gradle-9.9.0-bin/a6urkf1odb3il94l2pqayyhkp/gradle-9.9.0-20260918071003+0000
* Starting tooling API operation org.gradle.tooling.internal.consumer.DefaultPhasedBuildActionExecuter@22444a77
* Gradle invocation 1 has started, waiting for it to complete...
* Using Gradle args: [--gradle-user-home, /Users/Sebastian.Sellmair/JetBrainsProjects/kotlinx.coroutines/gradle-user-home, -I, /private/var/folders/bb/knlwqxjd1c3_f3wxjdtbw4rc0000gp/T/gradleProfiler17367889569535670876.gradle]
* Using JVM args: [-Xmx3g, -Dfile.encoding=UTF-8, -Duser.country=US, -Duser.language=en, -Duser.variant, -Dorg.gradle.profiler.scenario=idea-sync-warm-warm-warm-core-build-script-change, -Dorg.gradle.profiler.phase=MEASURE, -Dorg.gradle.profiler.phase.display.name=measured, -Dorg.gradle.profiler.number=1, -Dorg.gradle.profiler.step=BUILD]
OPERATION COMPLETE: null
* Gradle invocation 1 has completed in: 2284ms
* Full Gradle execution time: 2284ms
* Full IntelliJ IDEA execution time: 985ms
* Full sync has completed in: 3269ms and it SUCCEEDED
Used daemon with pid 44817
Execution time 3269 ms

* Running measured build #2
> Applying build script change to '/Users/Sebastian.Sellmair/JetBrainsProjects/kotlinx.coroutines/kotlinx-coroutines-core/build.gradle.kts'
* Running sync in IntelliJ IDEA...
* Sent sync request
* Sync has started, waiting for it to complete...
* Creating project connection
* Using Gradle home: /Users/Sebastian.Sellmair/JetBrainsProjects/kotlinx.coroutines/gradle-user-home/wrapper/dists/gradle-9.9.0-bin/a6urkf1odb3il94l2pqayyhkp/gradle-9.9.0-20260918071003+0000
* Starting tooling API operation org.gradle.tooling.internal.consumer.DefaultPhasedBuildActionExecuter@638cb148
* Gradle invocation 1 has started, waiting for it to complete...
* Using Gradle args: [--gradle-user-home, /Users/Sebastian.Sellmair/JetBrainsProjects/kotlinx.coroutines/gradle-user-home, -I, /private/var/folders/bb/knlwqxjd1c3_f3wxjdtbw4rc0000gp/T/gradleProfiler17367889569535670876.gradle]
* Using JVM args: [-Xmx3g, -Dfile.encoding=UTF-8, -Duser.country=US, -Duser.language=en, -Duser.variant, -Dorg.gradle.profiler.scenario=idea-sync-warm-warm-warm-core-build-script-change, -Dorg.gradle.profiler.phase=MEASURE, -Dorg.gradle.profiler.phase.display.name=measured, -Dorg.gradle.profiler.number=2, -Dorg.gradle.profiler.step=BUILD]
OPERATION COMPLETE: null
* Gradle invocation 1 has completed in: 5902ms
* Full Gradle execution time: 5902ms
* Full IntelliJ IDEA execution time: 1050ms
* Full sync has completed in: 6952ms and it SUCCEEDED
Used daemon with pid 44817
Execution time 6952 ms

* Running measured build #3
> Applying build script change to '/Users/Sebastian.Sellmair/JetBrainsProjects/kotlinx.coroutines/kotlinx-coroutines-core/build.gradle.kts'
* Running sync in IntelliJ IDEA...
* Sent sync request
* Sync has started, waiting for it to complete...
* Creating project connection
* Using Gradle home: /Users/Sebastian.Sellmair/JetBrainsProjects/kotlinx.coroutines/gradle-user-home/wrapper/dists/gradle-9.9.0-bin/a6urkf1odb3il94l2pqayyhkp/gradle-9.9.0-20260918071003+0000
* Starting tooling API operation org.gradle.tooling.internal.consumer.DefaultPhasedBuildActionExecuter@56bc7514
* Gradle invocation 1 has started, waiting for it to complete...
* Using Gradle args: [--gradle-user-home, /Users/Sebastian.Sellmair/JetBrainsProjects/kotlinx.coroutines/gradle-user-home, -I, /private/var/folders/bb/knlwqxjd1c3_f3wxjdtbw4rc0000gp/T/gradleProfiler17367889569535670876.gradle]
* Using JVM args: [-Xmx3g, -Dfile.encoding=UTF-8, -Duser.country=US, -Duser.language=en, -Duser.variant, -Dorg.gradle.profiler.scenario=idea-sync-warm-warm-warm-core-build-script-change, -Dorg.gradle.profiler.phase=MEASURE, -Dorg.gradle.profiler.phase.display.name=measured, -Dorg.gradle.profiler.number=3, -Dorg.gradle.profiler.step=BUILD]
OPERATION COMPLETE: null
* Gradle invocation 1 has completed in: 4292ms
* Full Gradle execution time: 4292ms
* Full IntelliJ IDEA execution time: 1077ms
* Full sync has completed in: 5369ms and it SUCCEEDED
Used daemon with pid 44817
Execution time 5369 ms
* Stopping IntelliJ IDEA....
* IntelliJ IDEA stopped.

* Stopping daemons
Running command /Users/Sebastian.Sellmair/JetBrainsProjects/kotlinx.coroutines/gradle-user-home/wrapper/dists/gradle-9.9.0-bin/a6urkf1odb3il94l2pqayyhkp/gradle-9.9.0-20260918071003+0000/bin/gradle --stop --gradle-user-home /Users/Sebastian.Sellmair/JetBrainsProjects/kotlinx.coroutines/gradle-user-home
Stopping Daemon(s)
1 Daemon stopped

* Running scenario Sync: Warm Gradle User Home, Warm Gradle Daemon, Warm IntelliJ caches, Add Gson to core using Gradle 9.9.0-20260918071003+0000 (scenario 8/9)

* Stopping daemons
Running command /Users/Sebastian.Sellmair/JetBrainsProjects/kotlinx.coroutines/gradle-user-home/wrapper/dists/gradle-9.9.0-bin/a6urkf1odb3il94l2pqayyhkp/gradle-9.9.0-20260918071003+0000/bin/gradle --stop --gradle-user-home /Users/Sebastian.Sellmair/JetBrainsProjects/kotlinx.coroutines/gradle-user-home
No Gradle daemons are running.

* Build details
Gradle version: Gradle 9.9.0-20260918071003+0000
Java home: /Users/Sebastian.Sellmair/.sdkman/candidates/java/21.0.8-jbr
OS: mac os x aarch64 26.6.2
JVM args:
  -Xmx3g
  -Dfile.encoding=UTF-8
  -Duser.country=US
  -Duser.language=en
  -Duser.variant
  -Dorg.gradle.profiler.scenario=idea-sync-warm-warm-warm-core-dependency-addition
Gradle args:
  --gradle-user-home
  /Users/Sebastian.Sellmair/JetBrainsProjects/kotlinx.coroutines/gradle-user-home
  -I
  /private/var/folders/bb/knlwqxjd1c3_f3wxjdtbw4rc0000gp/T/gradleProfiler1639817419016425562.gradle

* Running cleanup for warm-up build #1

* Stopping daemons
Running command /Users/Sebastian.Sellmair/JetBrainsProjects/kotlinx.coroutines/gradle-user-home/wrapper/dists/gradle-9.9.0-bin/a6urkf1odb3il94l2pqayyhkp/gradle-9.9.0-20260918071003+0000/bin/gradle --stop --gradle-user-home /Users/Sebastian.Sellmair/JetBrainsProjects/kotlinx.coroutines/gradle-user-home
No Gradle daemons are running.
java.lang.ClassCastException: class org.gradle.profiler.ide.IdeGradleClient cannot be cast to class org.gradle.profiler.gradle.GradleInvoker (org.gradle.profiler.ide.IdeGradleClient and org.gradle.profiler.gradle.GradleInvoker are in unnamed module of loader 'app')
	at org.gradle.profiler.gradle.GradleInvokerBuildAction.run(GradleInvokerBuildAction.java:14)
	at org.gradle.profiler.gradle.BuildUnderTestInvoker$InvokeAndMeasureAction.run(BuildUnderTestInvoker.java:72)
	at org.gradle.profiler.gradle.BuildUnderTestInvoker$InvokeAndMeasureAction.run(BuildUnderTestInvoker.java:52)
	at org.gradle.profiler.RunCleanupStepAction.run(RunCleanupStepAction.java:28)
	at org.gradle.profiler.gradle.GradleScenarioInvoker.run(GradleScenarioInvoker.java:138)
	at org.gradle.profiler.ide.invoker.IdeGradleScenarioInvoker.run(IdeGradleScenarioInvoker.java:63)
	at org.gradle.profiler.ide.invoker.IdeGradleScenarioInvoker.run(IdeGradleScenarioInvoker.java:19)
	at org.gradle.profiler.Main.invoke(Main.java:154)
	at org.gradle.profiler.Main.run(Main.java:103)
	at org.gradle.profiler.Main.main(Main.java:37)

* Running scenario Sync: Cold Gradle User Home, Cold Gradle Daemon, Cold IntelliJ caches using Gradle 9.9.0-20260918071003+0000 (scenario 9/9)

* Stopping daemons
Running command /Users/Sebastian.Sellmair/JetBrainsProjects/kotlinx.coroutines/gradle-user-home/wrapper/dists/gradle-9.9.0-bin/a6urkf1odb3il94l2pqayyhkp/gradle-9.9.0-20260918071003+0000/bin/gradle --stop --gradle-user-home /Users/Sebastian.Sellmair/JetBrainsProjects/kotlinx.coroutines/gradle-user-home
No Gradle daemons are running.

* Build details
Gradle version: Gradle 9.9.0-20260918071003+0000
Java home: /Users/Sebastian.Sellmair/.sdkman/candidates/java/21.0.8-jbr
OS: mac os x aarch64 26.6.2
JVM args:
  -Xmx3g
  -Dfile.encoding=UTF-8
  -Duser.country=US
  -Duser.language=en
  -Duser.variant
  -Dorg.gradle.profiler.scenario=idea-sync-cold-cold-cold
Gradle args:
  --gradle-user-home
  /Users/Sebastian.Sellmair/JetBrainsProjects/kotlinx.coroutines/gradle-user-home
  -I
  /private/var/folders/bb/knlwqxjd1c3_f3wxjdtbw4rc0000gp/T/gradleProfiler3581911541428081738.gradle

* Running cleanup for warm-up build #1

* Stopping daemons
Running command /Users/Sebastian.Sellmair/JetBrainsProjects/kotlinx.coroutines/gradle-user-home/wrapper/dists/gradle-9.9.0-bin/a6urkf1odb3il94l2pqayyhkp/gradle-9.9.0-20260918071003+0000/bin/gradle --stop --gradle-user-home /Users/Sebastian.Sellmair/JetBrainsProjects/kotlinx.coroutines/gradle-user-home
No Gradle daemons are running.

* Running warm-up build #1
> Clearing Gradle User Home directory: '/Users/Sebastian.Sellmair/JetBrainsProjects/kotlinx.coroutines/gradle-user-home'
> Cleaning project .gradle cache: /Users/Sebastian.Sellmair/JetBrainsProjects/kotlinx.coroutines/.gradle
> Cleaning buildSrc .gradle cache: /Users/Sebastian.Sellmair/JetBrainsProjects/kotlinx.coroutines/buildSrc/.gradle


* Starting IntelliJ IDEA at /Users/Sebastian.Sellmair/Applications/IntelliJ IDEA.app
* Start command: /Users/Sebastian.Sellmair/Applications/IntelliJ IDEA.app/Contents/MacOS/idea
* Additional JVM args:
  -javaagent:/private/var/folders/bb/knlwqxjd1c3_f3wxjdtbw4rc0000gp/T/ide-agent13338477054045812282.jar=64860,/private/var/folders/bb/knlwqxjd1c3_f3wxjdtbw4rc0000gp/T/instrumentation-support18317323748789140476.jar
  --add-exports=java.base/jdk.internal.misc=ALL-UNNAMED
  -Xbootclasspath/a:/private/var/folders/bb/knlwqxjd1c3_f3wxjdtbw4rc0000gp/T/asm5133773764961034768.jar:/private/var/folders/bb/knlwqxjd1c3_f3wxjdtbw4rc0000gp/T/client-protocol8234466017115948598.jar
  -Xms256m
  -Xmx4096m
  -Didea.gradle.distributionType=BUNDLED
  -Dgradle.profiler.startup.port=64858
  -Dgradle.profiler.port=64859
  -Didea.plugins.path=/Users/Sebastian.Sellmair/JetBrainsProjects/kotlinx.coroutines/idea-sandbox/plugins
  -Didea.config.path=/Users/Sebastian.Sellmair/JetBrainsProjects/kotlinx.coroutines/idea-sandbox/config
  -Didea.log.path=/Users/Sebastian.Sellmair/JetBrainsProjects/kotlinx.coroutines/idea-sandbox/logs
  -Didea.trust.all.projects=true
  -Didea.system.path=/Users/Sebastian.Sellmair/JetBrainsProjects/kotlinx.coroutines/idea-sandbox/system
  -Dexternal.system.auto.import.disabled=true
* Additional JVM args can be found at: /Users/Sebastian.Sellmair/JetBrainsProjects/kotlinx.coroutines/idea-sandbox/scenarioOptions/idea.vmoptions
* IDEA properties:
* IDEA properties can be found at: /Users/Sebastian.Sellmair/JetBrainsProjects/kotlinx.coroutines/idea-sandbox/scenarioOptions/idea.properties
* IntelliJ IDEA logs can be found at: /Users/Sebastian.Sellmair/JetBrainsProjects/kotlinx.coroutines/idea-sandbox/logs/idea.log
* Using command line: /Users/Sebastian.Sellmair/Applications/IntelliJ IDEA.app/Contents/MacOS/idea /Users/Sebastian.Sellmair/JetBrainsProjects/kotlinx.coroutines

Running command /Users/Sebastian.Sellmair/Applications/IntelliJ IDEA.app/Contents/MacOS/idea /Users/Sebastian.Sellmair/JetBrainsProjects/kotlinx.coroutines
PROFILER AGENT RUNNING
* Connected to controller process
* Cleaning IntelliJ IDEA cache, this will require a restart...


* Starting IntelliJ IDEA at /Users/Sebastian.Sellmair/Applications/IntelliJ IDEA.app
* Start command: /Users/Sebastian.Sellmair/Applications/IntelliJ IDEA.app/Contents/MacOS/idea
* Additional JVM args:
  -javaagent:/private/var/folders/bb/knlwqxjd1c3_f3wxjdtbw4rc0000gp/T/ide-agent11916325309723324704.jar=64884,/private/var/folders/bb/knlwqxjd1c3_f3wxjdtbw4rc0000gp/T/instrumentation-support3788602069234929976.jar
  --add-exports=java.base/jdk.internal.misc=ALL-UNNAMED
  -Xbootclasspath/a:/private/var/folders/bb/knlwqxjd1c3_f3wxjdtbw4rc0000gp/T/asm17890185634215141075.jar:/private/var/folders/bb/knlwqxjd1c3_f3wxjdtbw4rc0000gp/T/client-protocol6559434341216739127.jar
  -Xms256m
  -Xmx4096m
  -Didea.gradle.distributionType=BUNDLED
  -Dgradle.profiler.startup.port=64882
  -Dgradle.profiler.port=64883
  -Didea.plugins.path=/Users/Sebastian.Sellmair/JetBrainsProjects/kotlinx.coroutines/idea-sandbox/plugins
  -Didea.config.path=/Users/Sebastian.Sellmair/JetBrainsProjects/kotlinx.coroutines/idea-sandbox/config
  -Didea.log.path=/Users/Sebastian.Sellmair/JetBrainsProjects/kotlinx.coroutines/idea-sandbox/logs
  -Didea.trust.all.projects=true
  -Didea.system.path=/Users/Sebastian.Sellmair/JetBrainsProjects/kotlinx.coroutines/idea-sandbox/system
  -Dexternal.system.auto.import.disabled=true
* Additional JVM args can be found at: /Users/Sebastian.Sellmair/JetBrainsProjects/kotlinx.coroutines/idea-sandbox/scenarioOptions/idea.vmoptions
* IDEA properties:
* IDEA properties can be found at: /Users/Sebastian.Sellmair/JetBrainsProjects/kotlinx.coroutines/idea-sandbox/scenarioOptions/idea.properties
* IntelliJ IDEA logs can be found at: /Users/Sebastian.Sellmair/JetBrainsProjects/kotlinx.coroutines/idea-sandbox/logs/idea.log
* Using command line: /Users/Sebastian.Sellmair/Applications/IntelliJ IDEA.app/Contents/MacOS/idea /Users/Sebastian.Sellmair/JetBrainsProjects/kotlinx.coroutines

Running command /Users/Sebastian.Sellmair/Applications/IntelliJ IDEA.app/Contents/MacOS/idea /Users/Sebastian.Sellmair/JetBrainsProjects/kotlinx.coroutines
PROFILER AGENT RUNNING
* Connected to controller process
* Running sync in IntelliJ IDEA...
* Sent sync request
* Sync has started, waiting for it to complete...
* Injecting support classes from /private/var/folders/bb/knlwqxjd1c3_f3wxjdtbw4rc0000gp/T/instrumentation-support3788602069234929976.jar
* Instrumenting GradleConnector
* Creating project connection
* Using Gradle home: /Users/Sebastian.Sellmair/JetBrainsProjects/kotlinx.coroutines/gradle-user-home/wrapper/dists/gradle-9.9.0-bin/a6urkf1odb3il94l2pqayyhkp/gradle-9.9.0-20260918071003+0000
* Instrumenting GradleConnector
* Instrumenting BuildExecuter
* Starting tooling API operation org.gradle.tooling.internal.consumer.DefaultPhasedBuildActionExecuter@3705b59e
* Gradle invocation 1 has started, waiting for it to complete...
* Using Gradle args: [--gradle-user-home, /Users/Sebastian.Sellmair/JetBrainsProjects/kotlinx.coroutines/gradle-user-home, -I, /private/var/folders/bb/knlwqxjd1c3_f3wxjdtbw4rc0000gp/T/gradleProfiler3581911541428081738.gradle]
* Using JVM args: [-Xmx3g, -Dfile.encoding=UTF-8, -Duser.country=US, -Duser.language=en, -Duser.variant, -Dorg.gradle.profiler.scenario=idea-sync-cold-cold-cold, -Dorg.gradle.profiler.phase=WARM_UP, -Dorg.gradle.profiler.phase.display.name=warm-up, -Dorg.gradle.profiler.number=1, -Dorg.gradle.profiler.step=BUILD]
OPERATION COMPLETE: null
* Gradle invocation 1 has completed in: 88723ms
* Full Gradle execution time: 88723ms
* Full IntelliJ IDEA execution time: 17135ms
* Full sync has completed in: 105858ms and it SUCCEEDED
Used daemon with pid 45237
Execution time 105858 ms

* Using args for instrumented builds:

* Running cleanup for measured build #1

* Stopping daemons
Running command /Users/Sebastian.Sellmair/JetBrainsProjects/kotlinx.coroutines/gradle-user-home/wrapper/dists/gradle-9.9.0-bin/a6urkf1odb3il94l2pqayyhkp/gradle-9.9.0-20260918071003+0000/bin/gradle --stop --gradle-user-home /Users/Sebastian.Sellmair/JetBrainsProjects/kotlinx.coroutines/gradle-user-home

Welcome to Gradle 9.9.0-20260918071003+0000!

Stopping Daemon(s)
1 Daemon stopped

* Running measured build #1
> Clearing Gradle User Home directory: '/Users/Sebastian.Sellmair/JetBrainsProjects/kotlinx.coroutines/gradle-user-home'
> Cleaning project .gradle cache: /Users/Sebastian.Sellmair/JetBrainsProjects/kotlinx.coroutines/.gradle
> Cleaning buildSrc .gradle cache: /Users/Sebastian.Sellmair/JetBrainsProjects/kotlinx.coroutines/buildSrc/.gradle
* Cleaning IntelliJ IDEA cache, this will require a restart...


* Starting IntelliJ IDEA at /Users/Sebastian.Sellmair/Applications/IntelliJ IDEA.app
* Start command: /Users/Sebastian.Sellmair/Applications/IntelliJ IDEA.app/Contents/MacOS/idea
* Additional JVM args:
  -javaagent:/private/var/folders/bb/knlwqxjd1c3_f3wxjdtbw4rc0000gp/T/ide-agent10447409341470958541.jar=65316,/private/var/folders/bb/knlwqxjd1c3_f3wxjdtbw4rc0000gp/T/instrumentation-support3359614913273066394.jar
  --add-exports=java.base/jdk.internal.misc=ALL-UNNAMED
  -Xbootclasspath/a:/private/var/folders/bb/knlwqxjd1c3_f3wxjdtbw4rc0000gp/T/asm12968303811340160601.jar:/private/var/folders/bb/knlwqxjd1c3_f3wxjdtbw4rc0000gp/T/client-protocol12572941927778140131.jar
  -Xms256m
  -Xmx4096m
  -Didea.gradle.distributionType=BUNDLED
  -Dgradle.profiler.startup.port=65314
  -Dgradle.profiler.port=65315
  -Didea.plugins.path=/Users/Sebastian.Sellmair/JetBrainsProjects/kotlinx.coroutines/idea-sandbox/plugins
  -Didea.config.path=/Users/Sebastian.Sellmair/JetBrainsProjects/kotlinx.coroutines/idea-sandbox/config
  -Didea.log.path=/Users/Sebastian.Sellmair/JetBrainsProjects/kotlinx.coroutines/idea-sandbox/logs
  -Didea.trust.all.projects=true
  -Didea.system.path=/Users/Sebastian.Sellmair/JetBrainsProjects/kotlinx.coroutines/idea-sandbox/system
  -Dexternal.system.auto.import.disabled=true
* Additional JVM args can be found at: /Users/Sebastian.Sellmair/JetBrainsProjects/kotlinx.coroutines/idea-sandbox/scenarioOptions/idea.vmoptions
* IDEA properties:
* IDEA properties can be found at: /Users/Sebastian.Sellmair/JetBrainsProjects/kotlinx.coroutines/idea-sandbox/scenarioOptions/idea.properties
* IntelliJ IDEA logs can be found at: /Users/Sebastian.Sellmair/JetBrainsProjects/kotlinx.coroutines/idea-sandbox/logs/idea.log
* Using command line: /Users/Sebastian.Sellmair/Applications/IntelliJ IDEA.app/Contents/MacOS/idea /Users/Sebastian.Sellmair/JetBrainsProjects/kotlinx.coroutines

Running command /Users/Sebastian.Sellmair/Applications/IntelliJ IDEA.app/Contents/MacOS/idea /Users/Sebastian.Sellmair/JetBrainsProjects/kotlinx.coroutines
PROFILER AGENT RUNNING
* Connected to controller process
* Running sync in IntelliJ IDEA...
* Sent sync request
* Sync has started, waiting for it to complete...
* Injecting support classes from /private/var/folders/bb/knlwqxjd1c3_f3wxjdtbw4rc0000gp/T/instrumentation-support3359614913273066394.jar
* Instrumenting GradleConnector
* Creating project connection
* Using Gradle home: /Users/Sebastian.Sellmair/JetBrainsProjects/kotlinx.coroutines/gradle-user-home/wrapper/dists/gradle-9.9.0-bin/a6urkf1odb3il94l2pqayyhkp/gradle-9.9.0-20260918071003+0000
* Instrumenting GradleConnector
* Instrumenting BuildExecuter
* Starting tooling API operation org.gradle.tooling.internal.consumer.DefaultPhasedBuildActionExecuter@42190c51
* Gradle invocation 1 has started, waiting for it to complete...
* Using Gradle args: [--gradle-user-home, /Users/Sebastian.Sellmair/JetBrainsProjects/kotlinx.coroutines/gradle-user-home, -I, /private/var/folders/bb/knlwqxjd1c3_f3wxjdtbw4rc0000gp/T/gradleProfiler3581911541428081738.gradle]
* Using JVM args: [-Xmx3g, -Dfile.encoding=UTF-8, -Duser.country=US, -Duser.language=en, -Duser.variant, -Dorg.gradle.profiler.scenario=idea-sync-cold-cold-cold, -Dorg.gradle.profiler.phase=MEASURE, -Dorg.gradle.profiler.phase.display.name=measured, -Dorg.gradle.profiler.number=1, -Dorg.gradle.profiler.step=BUILD]
OPERATION COMPLETE: null
* Gradle invocation 1 has completed in: 88293ms
* Full Gradle execution time: 88293ms
* Full IntelliJ IDEA execution time: 15854ms
* Full sync has completed in: 104147ms and it SUCCEEDED
Used daemon with pid 45884
Execution time 104147 ms

* Running cleanup for measured build #2

* Stopping daemons
Running command /Users/Sebastian.Sellmair/JetBrainsProjects/kotlinx.coroutines/gradle-user-home/wrapper/dists/gradle-9.9.0-bin/a6urkf1odb3il94l2pqayyhkp/gradle-9.9.0-20260918071003+0000/bin/gradle --stop --gradle-user-home /Users/Sebastian.Sellmair/JetBrainsProjects/kotlinx.coroutines/gradle-user-home

Welcome to Gradle 9.9.0-20260918071003+0000!

Stopping Daemon(s)
1 Daemon stopped

* Running measured build #2
> Clearing Gradle User Home directory: '/Users/Sebastian.Sellmair/JetBrainsProjects/kotlinx.coroutines/gradle-user-home'
> Cleaning project .gradle cache: /Users/Sebastian.Sellmair/JetBrainsProjects/kotlinx.coroutines/.gradle
> Cleaning buildSrc .gradle cache: /Users/Sebastian.Sellmair/JetBrainsProjects/kotlinx.coroutines/buildSrc/.gradle
* Cleaning IntelliJ IDEA cache, this will require a restart...


* Starting IntelliJ IDEA at /Users/Sebastian.Sellmair/Applications/IntelliJ IDEA.app
* Start command: /Users/Sebastian.Sellmair/Applications/IntelliJ IDEA.app/Contents/MacOS/idea
* Additional JVM args:
  -javaagent:/private/var/folders/bb/knlwqxjd1c3_f3wxjdtbw4rc0000gp/T/ide-agent6818603107305452131.jar=49381,/private/var/folders/bb/knlwqxjd1c3_f3wxjdtbw4rc0000gp/T/instrumentation-support16537053493892660827.jar
  --add-exports=java.base/jdk.internal.misc=ALL-UNNAMED
  -Xbootclasspath/a:/private/var/folders/bb/knlwqxjd1c3_f3wxjdtbw4rc0000gp/T/asm4495515458758792346.jar:/private/var/folders/bb/knlwqxjd1c3_f3wxjdtbw4rc0000gp/T/client-protocol8620663968477797284.jar
  -Xms256m
  -Xmx4096m
  -Didea.gradle.distributionType=BUNDLED
  -Dgradle.profiler.startup.port=49379
  -Dgradle.profiler.port=49380
  -Didea.plugins.path=/Users/Sebastian.Sellmair/JetBrainsProjects/kotlinx.coroutines/idea-sandbox/plugins
  -Didea.config.path=/Users/Sebastian.Sellmair/JetBrainsProjects/kotlinx.coroutines/idea-sandbox/config
  -Didea.log.path=/Users/Sebastian.Sellmair/JetBrainsProjects/kotlinx.coroutines/idea-sandbox/logs
  -Didea.trust.all.projects=true
  -Didea.system.path=/Users/Sebastian.Sellmair/JetBrainsProjects/kotlinx.coroutines/idea-sandbox/system
  -Dexternal.system.auto.import.disabled=true
* Additional JVM args can be found at: /Users/Sebastian.Sellmair/JetBrainsProjects/kotlinx.coroutines/idea-sandbox/scenarioOptions/idea.vmoptions
* IDEA properties:
* IDEA properties can be found at: /Users/Sebastian.Sellmair/JetBrainsProjects/kotlinx.coroutines/idea-sandbox/scenarioOptions/idea.properties
* IntelliJ IDEA logs can be found at: /Users/Sebastian.Sellmair/JetBrainsProjects/kotlinx.coroutines/idea-sandbox/logs/idea.log
* Using command line: /Users/Sebastian.Sellmair/Applications/IntelliJ IDEA.app/Contents/MacOS/idea /Users/Sebastian.Sellmair/JetBrainsProjects/kotlinx.coroutines

Running command /Users/Sebastian.Sellmair/Applications/IntelliJ IDEA.app/Contents/MacOS/idea /Users/Sebastian.Sellmair/JetBrainsProjects/kotlinx.coroutines
PROFILER AGENT RUNNING
* Connected to controller process
* Running sync in IntelliJ IDEA...
* Sent sync request
* Sync has started, waiting for it to complete...
* Injecting support classes from /private/var/folders/bb/knlwqxjd1c3_f3wxjdtbw4rc0000gp/T/instrumentation-support16537053493892660827.jar
* Instrumenting GradleConnector
* Creating project connection
* Using Gradle home: /Users/Sebastian.Sellmair/JetBrainsProjects/kotlinx.coroutines/gradle-user-home/wrapper/dists/gradle-9.9.0-bin/a6urkf1odb3il94l2pqayyhkp/gradle-9.9.0-20260918071003+0000
* Instrumenting GradleConnector
* Instrumenting BuildExecuter
* Starting tooling API operation org.gradle.tooling.internal.consumer.DefaultPhasedBuildActionExecuter@eb72959
* Gradle invocation 1 has started, waiting for it to complete...
* Using Gradle args: [--gradle-user-home, /Users/Sebastian.Sellmair/JetBrainsProjects/kotlinx.coroutines/gradle-user-home, -I, /private/var/folders/bb/knlwqxjd1c3_f3wxjdtbw4rc0000gp/T/gradleProfiler3581911541428081738.gradle]
* Using JVM args: [-Xmx3g, -Dfile.encoding=UTF-8, -Duser.country=US, -Duser.language=en, -Duser.variant, -Dorg.gradle.profiler.scenario=idea-sync-cold-cold-cold, -Dorg.gradle.profiler.phase=MEASURE, -Dorg.gradle.profiler.phase.display.name=measured, -Dorg.gradle.profiler.number=2, -Dorg.gradle.profiler.step=BUILD]
OPERATION COMPLETE: null
* Gradle invocation 1 has completed in: 86957ms
* Full Gradle execution time: 86957ms
* Full IntelliJ IDEA execution time: 13548ms
* Full sync has completed in: 100505ms and it SUCCEEDED
Used daemon with pid 46438
Execution time 100505 ms

* Running cleanup for measured build #3

* Stopping daemons
Running command /Users/Sebastian.Sellmair/JetBrainsProjects/kotlinx.coroutines/gradle-user-home/wrapper/dists/gradle-9.9.0-bin/a6urkf1odb3il94l2pqayyhkp/gradle-9.9.0-20260918071003+0000/bin/gradle --stop --gradle-user-home /Users/Sebastian.Sellmair/JetBrainsProjects/kotlinx.coroutines/gradle-user-home

Welcome to Gradle 9.9.0-20260918071003+0000!

Stopping Daemon(s)
1 Daemon stopped

* Running measured build #3
> Clearing Gradle User Home directory: '/Users/Sebastian.Sellmair/JetBrainsProjects/kotlinx.coroutines/gradle-user-home'
> Cleaning project .gradle cache: /Users/Sebastian.Sellmair/JetBrainsProjects/kotlinx.coroutines/.gradle
> Cleaning buildSrc .gradle cache: /Users/Sebastian.Sellmair/JetBrainsProjects/kotlinx.coroutines/buildSrc/.gradle
* Cleaning IntelliJ IDEA cache, this will require a restart...


* Starting IntelliJ IDEA at /Users/Sebastian.Sellmair/Applications/IntelliJ IDEA.app
* Start command: /Users/Sebastian.Sellmair/Applications/IntelliJ IDEA.app/Contents/MacOS/idea
* Additional JVM args:
  -javaagent:/private/var/folders/bb/knlwqxjd1c3_f3wxjdtbw4rc0000gp/T/ide-agent6669497048102142924.jar=49832,/private/var/folders/bb/knlwqxjd1c3_f3wxjdtbw4rc0000gp/T/instrumentation-support5428260736411324405.jar
  --add-exports=java.base/jdk.internal.misc=ALL-UNNAMED
  -Xbootclasspath/a:/private/var/folders/bb/knlwqxjd1c3_f3wxjdtbw4rc0000gp/T/asm13469082599962212095.jar:/private/var/folders/bb/knlwqxjd1c3_f3wxjdtbw4rc0000gp/T/client-protocol293343285142807540.jar
  -Xms256m
  -Xmx4096m
  -Didea.gradle.distributionType=BUNDLED
  -Dgradle.profiler.startup.port=49830
  -Dgradle.profiler.port=49831
  -Didea.plugins.path=/Users/Sebastian.Sellmair/JetBrainsProjects/kotlinx.coroutines/idea-sandbox/plugins
  -Didea.config.path=/Users/Sebastian.Sellmair/JetBrainsProjects/kotlinx.coroutines/idea-sandbox/config
  -Didea.log.path=/Users/Sebastian.Sellmair/JetBrainsProjects/kotlinx.coroutines/idea-sandbox/logs
  -Didea.trust.all.projects=true
  -Didea.system.path=/Users/Sebastian.Sellmair/JetBrainsProjects/kotlinx.coroutines/idea-sandbox/system
  -Dexternal.system.auto.import.disabled=true
* Additional JVM args can be found at: /Users/Sebastian.Sellmair/JetBrainsProjects/kotlinx.coroutines/idea-sandbox/scenarioOptions/idea.vmoptions
* IDEA properties:
* IDEA properties can be found at: /Users/Sebastian.Sellmair/JetBrainsProjects/kotlinx.coroutines/idea-sandbox/scenarioOptions/idea.properties
* IntelliJ IDEA logs can be found at: /Users/Sebastian.Sellmair/JetBrainsProjects/kotlinx.coroutines/idea-sandbox/logs/idea.log
* Using command line: /Users/Sebastian.Sellmair/Applications/IntelliJ IDEA.app/Contents/MacOS/idea /Users/Sebastian.Sellmair/JetBrainsProjects/kotlinx.coroutines

Running command /Users/Sebastian.Sellmair/Applications/IntelliJ IDEA.app/Contents/MacOS/idea /Users/Sebastian.Sellmair/JetBrainsProjects/kotlinx.coroutines
PROFILER AGENT RUNNING
* Connected to controller process
* Running sync in IntelliJ IDEA...
* Sent sync request
* Sync has started, waiting for it to complete...
* Injecting support classes from /private/var/folders/bb/knlwqxjd1c3_f3wxjdtbw4rc0000gp/T/instrumentation-support5428260736411324405.jar
* Instrumenting GradleConnector
* Creating project connection
* Using Gradle home: /Users/Sebastian.Sellmair/JetBrainsProjects/kotlinx.coroutines/gradle-user-home/wrapper/dists/gradle-9.9.0-bin/a6urkf1odb3il94l2pqayyhkp/gradle-9.9.0-20260918071003+0000
* Instrumenting GradleConnector
* Instrumenting BuildExecuter
* Starting tooling API operation org.gradle.tooling.internal.consumer.DefaultPhasedBuildActionExecuter@75c1644e
* Gradle invocation 1 has started, waiting for it to complete...
* Using Gradle args: [--gradle-user-home, /Users/Sebastian.Sellmair/JetBrainsProjects/kotlinx.coroutines/gradle-user-home, -I, /private/var/folders/bb/knlwqxjd1c3_f3wxjdtbw4rc0000gp/T/gradleProfiler3581911541428081738.gradle]
* Using JVM args: [-Xmx3g, -Dfile.encoding=UTF-8, -Duser.country=US, -Duser.language=en, -Duser.variant, -Dorg.gradle.profiler.scenario=idea-sync-cold-cold-cold, -Dorg.gradle.profiler.phase=MEASURE, -Dorg.gradle.profiler.phase.display.name=measured, -Dorg.gradle.profiler.number=3, -Dorg.gradle.profiler.step=BUILD]
OPERATION COMPLETE: null
* Gradle invocation 1 has completed in: 87888ms
* Full Gradle execution time: 87888ms
* Full IntelliJ IDEA execution time: 16767ms
* Full sync has completed in: 104655ms and it SUCCEEDED
Used daemon with pid 47112
Execution time 104655 ms
* Stopping IntelliJ IDEA....
* IntelliJ IDEA stopped.

* Stopping daemons
Running command /Users/Sebastian.Sellmair/JetBrainsProjects/kotlinx.coroutines/gradle-user-home/wrapper/dists/gradle-9.9.0-bin/a6urkf1odb3il94l2pqayyhkp/gradle-9.9.0-20260918071003+0000/bin/gradle --stop --gradle-user-home /Users/Sebastian.Sellmair/JetBrainsProjects/kotlinx.coroutines/gradle-user-home

Welcome to Gradle 9.9.0-20260918071003+0000!

No Gradle daemons are running.

* Results written to /Users/Sebastian.Sellmair/JetBrainsProjects/kotlinx.coroutines/benchmark-out
  /Users/Sebastian.Sellmair/JetBrainsProjects/kotlinx.coroutines/benchmark-out/benchmark.csv
  /Users/Sebastian.Sellmair/JetBrainsProjects/kotlinx.coroutines/benchmark-out/benchmark.html

